Id,pagerank,indegree,outdegree,modularity_class,eigencentrality,Eccentricity,closnesscentrality,harmonicclosnesscentrality,betweenesscentrality,pageranks
safeguardindo1,,0,2,1,0,1,1,1,0,0.0003
aniesbaswedan,,1304,0,0,1,0,0,0,0,0.183583
olvaholvah,,227,0,1,0.172329,0,0,0,0,0.027811
konoha2022,,0,1,0,0,1,1,1,0,0.0003
sarimbangi,,0,2,1,0,1,1,1,0,0.0003
bncka_,,0,1,0,0,1,1,1,0,0.0003
arkamchaniago,,0,3,4,0,1,1,1,0,0.0003
ganjarpranowo,,242,0,4,0.182807,0,0,0,0,0.019571
kingsbewok,,180,0,4,0.134643,0,0,0,0,0.015276
irhamsyarif,,0,2,3,0,1,1,1,0,0.0003
tfjakarta,,3,0,3,0.002242,0,0,0,0,0.000683
wong_ndeso579,,0,3,9,0,1,1,1,0,0.0003
kpk_ri,,122,0,11,0.093815,0,0,0,0,0.009641
ex_anaklolina,,5,0,9,0.004277,0,0,0,0,0.000528
alijalal666,,0,3,4,0,1,1,1,0,0.0003
aaabengganteng,,0,3,4,0,1,1,1,0,0.0003
heritanjung13,,80,0,4,0.060548,0,0,0,0,0.011425
indo_brand,,0,2,5,0,1,1,1,0,0.0003
tukangrosok___,,44,0,5,0.033058,0,0,0,0,0.004353
arieftata01,,0,3,4,0,1,1,1,0,0.0003
dongodungu,,0,1,4,0,1,1,1,0,0.0003
dilerenggunung,,0,2,5,0,1,1,1,0,0.0003
bagindo47562689,,0,4,6,0,1,1,1,0,0.0003
uki23,,26,0,6,0.019544,0,0,0,0,0.002982
ferrykoto,,5,0,6,0.003737,0,0,0,0,0.000564
triyanto0583,,0,2,1,0,1,1,1,0,0.0003
ade_item88,,0,3,4,0,1,1,1,0,0.0003
potassium73,,0,1,7,0,1,1,1,0,0.0003
republikaonline,,1,0,7,0.000747,0,0,0,0,0.000556
sianakmami,,0,1,0,0,1,1,1,0,0.0003
stream_wheel,,0,1,0,0,1,1,1,0,0.0003
aziz5_abdul,,0,3,5,0,1,1,1,0,0.0003
fahrihamzah,,14,0,5,0.010463,0,0,0,0,0.001247
denai69,,0,1,0,0,1,1,1,0,0.0003
matataby0,,0,1,0,0,1,1,1,0,0.0003
arsyakhasukarno,,0,1,0,0,1,1,1,0,0.0003
hendral48409398,,0,3,4,0,1,1,1,0,0.0003
edwinsantoso15,,0,1,0,0,1,1,1,0,0.0003
syukri0909,,0,2,11,0,1,1,1,0,0.0003
naaoolll,,5,0,11,0.003737,0,0,0,0,0.000768
papaemier77,,0,3,4,0,1,1,1,0,0.0003
delimaroon,,0,2,13,0,1,1,1,0,0.0003
patriot016610,,14,0,13,0.010463,0,0,0,0,0.001825
bertemujodoh,,0,1,0,0,1,1,1,0,0.0003
neilzurong,,0,1,4,0,1,1,1,0,0.0003
ileritil,,0,3,0,0,2,0.8,0.875,0,0.0003
tita83079013,,24,0,0,0.018808,0,0,0,0,0.002628
the3brothers2,,1,3,0,0.000747,1,1,1,1,0.000385
titymargana,,0,2,8,0,1,1,1,0,0.0003
ampera151,,1,0,8,0.000747,0,0,0,0,0.000428
elangbadai5,,0,2,0,0,1,1,1,0,0.0003
sutanmangara,,22,0,0,0.016667,0,0,0,0,0.002144
bandorobrojo,,0,2,39,0,1,1,1,0,0.0003
nicho_silalahi,,8,0,39,0.006093,0,0,0,0,0.001008
bejo__kondo0,,0,1,0,0,1,1,1,0,0.0003
dqloveshawaii,,0,2,1,0,1,1,1,0,0.0003
trimulyaniaja,,0,6,0,0,1,1,1,0,0.0003
udhinjogja,,1,0,0,0.000747,0,0,0,0,0.000343
ridwankamil,,5,0,0,0.003737,0,0,0,0,0.000592
cnnindonesia,,5,0,0,0.003737,0,0,0,0,0.000649
lah_dibaca,,0,1,0,0,1,1,1,0,0.0003
kdyiah,,0,2,9,0,1,1,1,0,0.0003
grsjulius,,24,0,9,0.018362,0,0,0,0,0.0024
balahanca,,0,3,4,0,1,1,1,0,0.0003
prassehat,,0,1,0,0,1,1,1,0,0.0003
imperiumalexan2,,1,2,0,0.000747,1,1,1,0,0.000351
christi28566166,,0,5,0,0,1,1,1,0,0.0003
najwashihab,,2,0,15,0.001495,0,0,0,0,0.000436
mrsrachelin,,4,0,15,0.003104,0,0,0,0,0.000469
abah_bangsa,,0,3,4,0,1,1,1,0,0.0003
seekorkimmy,,0,1,0,0,1,1,1,0,0.0003
siikopihideung,,0,1,0,0,1,1,1,0,0.0003
ejat3010,,0,2,6,0,1,1,1,0,0.0003
bukanaroon2,,0,2,0,0,1,1,1,0,0.0003
slametsetiyon11,,0,2,1,0,1,1,1,0,0.0003
hero_theone,,0,4,10,0,1,1,1,0,0.0003
wulandari_erian,,1,0,10,0.000747,0,0,0,0,0.000364
love_ag4ever__,,2,0,10,0.001495,0,0,0,0,0.000396
nerrasigit,,0,2,0,0,3,0.4,0.453704,0,0.0003
stresnowat1,,13,6,0,0.010416,2,0.607143,0.676471,169,0.00197
arnybanker,,0,1,0,0,1,1,1,0,0.0003
lanyallaacademy,,3,9,25,0.002739,2,0.846154,0.909091,9,0.000433
cutsarina,,1,0,25,0.000933,0,0,0,0,0.000341
mariaalcaff,,1,0,25,0.000933,0,0,0,0,0.000341
ilhamuav,,1,0,25,0.000933,0,0,0,0,0.000341
_mulyadikiranya,,0,1,0,0,1,1,1,0,0.0003
evi_sufiani,,0,1,0,0,1,1,1,0,0.0003
deliveria2,,0,3,4,0,1,1,1,0,0.0003
andryan1453,,0,2,1,0,1,1,1,0,0.0003
revolted5,,0,3,0,0,1,1,1,0,0.0003
santapradana,,0,1,0,0,1,1,1,0,0.0003
amrsto1,,0,2,1,0,1,1,1,0,0.0003
jedhot5,,0,2,10,0,1,1,1,0,0.0003
rizmaya__,,26,0,10,0.019895,0,0,0,0,0.002876
anharmut,,0,1,0,0,1,1,1,0,0.0003
jasatim,,0,1,0,0,1,1,1,0,0.0003
adber31,,0,3,4,0,1,1,1,0,0.0003
kurusetra91,,0,3,11,0,1,1,1,0,0.0003
putrafajar1945,,54,0,11,0.040359,0,0,0,0,0.004536
asmujivahn,,0,1,0,0,1,1,1,0,0.0003
djapoel,,0,4,1,0,1,1,1,0,0.0003
flo_rence,,1,0,1,0.000747,0,0,0,0,0.000364
firzahusaininc,,3,0,1,0.002298,0,0,0,0,0.000512
ilmuhidup,,0,1,0,0,1,1,1,0,0.0003
burungnurikeci1,,0,1,0,0,1,1,1,0,0.0003
damarlumintang,,0,3,4,0,1,1,1,0,0.0003
tibbilqulubb,,0,1,0,0,1,1,1,0,0.0003
damaiharilubis6,,1,1,12,0.000806,0,0,0,0,0.0003
alilkha1,,0,2,35,0,1,1,1,0,0.0003
doktertifa,,8,0,35,0.005979,0,0,0,0,0.001172
hristomilano,,0,2,0,0,1,1,1,0,0.0003
bumnbersatu,,55,1,0,0.042417,1,1,1,0,0.00629
de69toxde,,0,1,0,0,1,1,1,0,0.0003
bahrimarpaung,,0,1,0,0,1,1,1,0,0.0003
yud_iii,,4,3,0,0.00299,1,1,1,4,0.000547
yudhis__88,,1,0,0,0.000972,0,0,0,0,0.000456
abenx832,,0,1,0,0,1,1,1,0,0.0003
bravetrackindo,,0,2,5,0,1,1,1,0,0.0003
bahri_ocean,,1,2,0,0.000747,1,1,1,0,0.000385
paparocknroll82,,0,3,0,0,1,1,1,0,0.0003
ddnsamsudin7,,0,1,0,0,1,1,1,0,0.0003
kkvrindhavan,,0,1,0,0,1,1,1,0,0.0003
amamirthok,,0,1,13,0,1,1,1,0,0.0003
aniesmania,,24,0,13,0.017937,0,0,0,0,0.004632
anggitahusain2,,0,3,0,0,1,1,1,0,0.0003
minum_obat,,0,1,0,0,1,1,1,0,0.0003
tukang_rosokan,,0,2,1,0,1,1,1,0,0.0003
reizamahmudi_,,0,1,0,0,1,1,1,0,0.0003
afc_hafiz,,0,1,0,0,1,1,1,0,0.0003
pangemananrith1,,1,16,0,0.000747,4,0.535714,0.702778,27,0.000385
sweett,,1,0,0,0.000803,0,0,0,0,0.000321
bangahm72490980,,1,0,0,0.000803,0,0,0,0,0.000321
anas_dosq,,1,0,0,0.000803,0,0,0,0,0.000321
annas_cim,,1,0,0,0.000803,0,0,0,0,0.000321
1yudhiasmara,,1,0,0,0.000803,0,0,0,0,0.000321
alius114,,0,1,0,0,1,1,1,0,0.0003
fariedza,,0,2,0,0,1,1,1,0,0.0003
hendarwatih,,0,15,13,0,3,0.54878,0.640741,0,0.0003
bendoll02708591,,1,0,13,0.000747,0,0,0,0,0.000317
byucyd,,1,0,13,0.000747,0,0,0,0,0.000317
tokpitut,,1,0,13,0.000747,0,0,0,0,0.000317
anasurbaningrum,,1,0,13,0.000747,0,0,0,0,0.000317
mi73hel,,1,0,13,0.000747,0,0,0,0,0.000317
kangmirdja,,1,0,13,0.000747,0,0,0,0,0.000317
xdim999,,2,24,13,0.001555,3,0.686275,0.819048,44,0.000362
relawananies,,29,0,13,0.021801,0,0,0,0,0.00437
firlibahuri,,3,0,20,0.002242,0,0,0,0,0.000432
tempodotco,,4,0,13,0.003106,0,0,0,0,0.000465
tatakujiyati,,6,0,13,0.004599,0,0,0,0,0.000438
syarman59,,7,3,13,0.005593,2,0.6,0.666667,46.5,0.000565
alextom71,,0,1,4,0,1,1,1,0,0.0003
virllyhavid,,0,1,13,0,1,1,1,0,0.0003
febbyalim03,,0,1,0,0,1,1,1,0,0.0003
rezaldykhurana,,0,3,4,0,1,1,1,0,0.0003
prayetnobos,,0,2,1,0,1,1,1,0,0.0003
sudarno82171186,,0,1,0,0,1,1,1,0,0.0003
uwaydugan,,0,3,4,0,1,1,1,0,0.0003
ceu2,,0,1,0,0,1,1,1,0,0.0003
gder2indra,,0,1,0,0,1,1,1,0,0.0003
supriadimit,,0,3,4,0,1,1,1,0,0.0003
anti_jel,,0,3,4,0,1,1,1,0,0.0003
bopaaaakk,,0,1,0,0,1,1,1,0,0.0003
mprnggm,,0,1,0,0,1,1,1,0,0.0003
djumadipartose1,,0,3,4,0,1,1,1,0,0.0003
iskanda43028301,,0,3,4,0,1,1,1,0,0.0003
miharja_ozzy,,0,1,0,0,1,1,1,0,0.0003
disiapindong,,0,3,4,0,1,1,1,0,0.0003
gbrand_9127,,0,6,11,0,2,0.875,0.928571,0,0.0003
akun___receh,,1,0,11,0.000747,0,0,0,0,0.000343
rakyat_recehan,,2,0,11,0.001495,0,0,0,0,0.000428
khendy_manggala,,1,2,11,0.000747,1,1,1,1,0.000343
metdro2,,3,0,15,0.002356,0,0,0,0,0.000376
henryii63936538,,0,2,5,0,1,1,1,0,0.0003
13imans,,0,9,39,0,1,1,1,0,0.0003
novelbaswedan,,2,0,39,0.001495,0,0,0,0,0.000361
febridiansyah,,3,0,39,0.002242,0,0,0,0,0.000397
ramlirizal,,4,0,39,0.00337,0,0,0,0,0.000463
saididu,,2,0,39,0.001495,0,0,0,0,0.000361
sobat_anies,,4,0,39,0.00299,0,0,0,0,0.000467
avengers_02,,2,0,39,0.001495,0,0,0,0,0.000361
rekacipta_new,,0,3,14,0,1,1,1,0,0.0003
adindaasmara_,,1,0,14,0.000747,0,0,0,0,0.000385
lucky_hafner,,1,0,14,0.000747,0,0,0,0,0.000385
mamangdjalu,,0,5,0,0,1,1,1,0,0.0003
bappedadki,,19,0,10,0.014599,0,0,0,0,0.001975
didihartadi4,,0,5,15,0,1,1,1,0,0.0003
walikotajakpus,,1,0,15,0.000747,0,0,0,0,0.000351
dkpkpjakarta,,1,0,15,0.000747,0,0,0,0,0.000351
dishubdki_jkt,,2,0,15,0.002228,0,0,0,0,0.000596
arizapatria,,7,0,15,0.006653,0,0,0,0,0.001105
benajalo1,,0,2,5,0,1,1,1,0,0.0003
ryan19musisi,,0,2,0,0,1,1,1,0,0.0003
dodixir,,0,1,0,0,1,1,1,0,0.0003
rezamubarok_,,0,1,0,0,1,1,1,0,0.0003
aryanggim,,0,2,1,0,1,1,1,0,0.0003
farm_1975,,0,6,5,0,2,0.65,0.730769,0,0.0003
santorinissun,,1,0,5,0.000747,0,0,0,0,0.000343
helmifelis_,,3,0,0,0.002356,0,0,0,0,0.00053
aimanjudakusum1,,1,8,5,0.000747,1,1,1,7,0.000343
rossiy_anna,,0,1,0,0,1,1,1,0,0.0003
maenggok,,0,1,0,0,1,1,1,0,0.0003
jokolipservice,,0,2,10,0,1,1,1,0,0.0003
buditurmudzi,,0,3,0,0,1,1,1,0,0.0003
wahidsuzuki,,11,0,0,0.008221,0,0,0,0,0.001045
hadiwidj1273,,0,1,0,0,1,1,1,0,0.0003
akaduyy,,0,1,0,0,1,1,1,0,0.0003
tuwab123,,0,9,16,0,1,1,1,0,0.0003
dzulfaqor60,,1,0,16,0.000747,0,0,0,0,0.000329
c1ntablu212,,1,0,16,0.000747,0,0,0,0,0.000329
stopplandemit,,1,0,16,0.000747,0,0,0,0,0.000329
abusyuraih1,,1,0,16,0.000747,0,0,0,0,0.000329
_banyoe,,1,0,16,0.000747,0,0,0,0,0.000329
renieka2012,,1,0,16,0.000747,0,0,0,0,0.000329
save_maltese,,1,0,16,0.000747,0,0,0,0,0.000329
ftrrii1,,1,0,16,0.000747,0,0,0,0,0.000329
kodikkodik,,1,0,16,0.000747,0,0,0,0,0.000329
ferdiant_t,,0,2,17,0,1,1,1,0,0.0003
eddejp,,4,0,17,0.00328,0,0,0,0,0.000731
daeng14630451,,0,3,10,0,1,1,1,0,0.0003
ayousupabdullah,,1,0,10,0.000747,0,0,0,0,0.000385
prabowo,,4,0,10,0.00299,0,0,0,0,0.000486
m4c4n025,,0,1,0,0,1,1,1,0,0.0003
benkzndid,,0,2,5,0,1,1,1,0,0.0003
andi_kurniaaa,,0,1,0,0,1,1,1,0,0.0003
pahibestevy,,0,2,1,0,1,1,1,0,0.0003
firzahusain,,2,0,1,0.001495,0,0,0,0,0.000556
obiajulu_antie,,0,3,4,0,1,1,1,0,0.0003
mmaherudin,,0,1,0,0,1,1,1,0,0.0003
iii_chromatic,,0,2,0,0,3,0.4,0.453704,0,0.0003
metyu221,,0,1,0,0,1,1,1,0,0.0003
masmugialbahaf1,,0,3,5,0,1,1,1,0,0.0003
rm_lndr4one4587,,1,0,5,0.000747,0,0,0,0,0.000385
mustikaabadi3,,0,1,0,0,1,1,1,0,0.0003
1254abp,,0,5,18,0,1,1,1,0,0.0003
tafonao2,,1,0,18,0.000747,0,0,0,0,0.000351
ibnusholh,,2,0,18,0.001495,0,0,0,0,0.000415
dpp_lip,,2,0,18,0.001495,0,0,0,0,0.000415
musniumar,,2,0,18,0.001495,0,0,0,0,0.000415
syamkf,,0,3,11,0,1,1,1,0,0.0003
maulana87783860,,0,3,0,0,1,1,1,0,0.0003
__pasmantap,,1,0,0,0.000747,0,0,0,0,0.000385
android_ak_47,,4,0,20,0.00299,0,0,0,0,0.000585
permainanu,,0,1,0,0,1,1,1,0,0.0003
bibiebah,,0,1,0,0,1,1,1,0,0.0003
paundra79,,0,2,1,0,1,1,1,0,0.0003
richrshasibuan,,0,1,0,0,1,1,1,0,0.0003
dedeinfo97,,0,1,19,0,1,1,1,0,0.0003
anggun9655,,1,0,19,0.000747,0,0,0,0,0.000556
qiqisoft,,0,2,1,0,1,1,1,0,0.0003
rosela_setia,,0,5,20,0,2,0.777778,0.857143,0,0.0003
maspiyuaja,,30,5,20,0.02322,1,1,1,127.5,0.003146
msaid_didu,,7,0,13,0.005613,0,0,0,0,0.000752
pdemokrat,,5,0,20,0.005678,0,0,0,0,0.001179
pksejahtera,,5,0,20,0.005678,0,0,0,0,0.001179
ud1n,,0,1,1,0,1,1,1,0,0.0003
merchantzzzz,,0,1,0,0,1,1,1,0,0.0003
nelsonferish,,0,2,6,0,1,1,1,0,0.0003
m_zulpadli,,0,2,13,0,1,1,1,0,0.0003
xiewoek,,0,2,10,0,1,1,1,0,0.0003
dimaselagie,,0,2,5,0,1,1,1,0,0.0003
viantantony,,0,3,4,0,1,1,1,0,0.0003
prijujur1,,0,3,4,0,1,1,1,0,0.0003
yusuf_aq76,,0,3,0,0,1,1,1,0,0.0003
pentahub,,0,1,13,0,1,1,1,0,0.0003
__kangmasmo3__,,0,1,0,0,1,1,1,0,0.0003
jonkardison2,,0,3,4,0,1,1,1,0,0.0003
johan_aprinal,,0,1,0,0,1,1,1,0,0.0003
enrigo_mom,,0,1,0,0,1,1,1,0,0.0003
radit_05,,0,3,0,0,1,1,1,0,0.0003
nasdem,,34,0,20,0.03005,0,0,0,0,0.003698
leriadi,,0,8,21,0,1,1,1,0,0.0003
dppgolkar,,1,0,21,0.000747,0,0,0,0,0.000332
zainuddinamali,,1,0,21,0.000747,0,0,0,0,0.000332
puanmaharani_ri,,1,0,21,0.000747,0,0,0,0,0.000332
yuddychrisnandi,,1,0,21,0.000747,0,0,0,0,0.000332
pssi,,4,0,21,0.00299,0,0,0,0,0.000511
mohmahfudmd,,3,0,21,0.002298,0,0,0,0,0.000632
jokowi,,6,0,10,0.004599,0,0,0,0,0.000513
r_soentana,,0,1,0,0,1,1,1,0,0.0003
kelebihanb,,0,2,9,0,1,1,1,0,0.0003
mangdiman07,,0,1,0,0,1,1,1,0,0.0003
momaplekip,,0,1,0,0,1,1,1,0,0.0003
ogutz27,,1,3,0,0.000747,1,1,1,2,0.000337
veelaarhie,,5,0,11,0.003793,0,0,0,0,0.000675
officialhas,,0,7,0,0,2,0.818182,0.888889,0,0.0003
siantar72,,1,0,0,0.000747,0,0,0,0,0.000337
mdy_asmara1701,,13,0,13,0.010271,0,0,0,0,0.001139
sisiwittfrida,,3,0,13,0.002664,0,0,0,0,0.000558
samboja70766916,,0,1,0,0,1,1,1,0,0.0003
imankisworo,,0,3,5,0,1,1,1,0,0.0003
amcay_immer,,0,3,22,0,2,0.615385,0.6875,0,0.0003
linaparamitha,,8,0,22,0.006154,0,0,0,0,0.001019
dianaheartily,,1,6,22,0.000747,1,1,1,5,0.000385
rockin82__,,0,4,4,0,1,1,1,0,0.0003
mamang_opik,,2,0,4,0.001495,0,0,0,0,0.000428
selabukanseila,,0,1,0,0,1,1,1,0,0.0003
a1ki4_ku5_21,,6,4,0,0.004719,1,1,1,23,0.000849
akunsiih,,1,0,0,0.001092,0,0,0,0,0.000481
copypas23120756,,0,3,4,0,1,1,1,0,0.0003
di_istana,,0,2,23,0,1,1,1,0,0.0003
arwidodo,,1,0,23,0.000747,0,0,0,0,0.000428
bruttkoqq,,0,1,1,0,1,1,1,0,0.0003
pakwietopan,,0,2,0,0,1,1,1,0,0.0003
muzlim411,,0,2,13,0,1,1,1,0,0.0003
yusufamirrrs,,0,1,0,0,1,1,1,0,0.0003
arifin37172847,,0,4,11,0,1,1,1,0,0.0003
yudha_sindu,,0,2,39,0,1,1,1,0,0.0003
dedentr,,0,1,0,0,1,1,1,0,0.0003
nuralam_2105,,0,1,0,0,1,1,1,0,0.0003
boeditomo19,,0,6,0,0,1,1,1,0,0.0003
sihalohoisme,,1,0,0,0.000747,0,0,0,0,0.000343
vivacoid,,1,0,0,0.000747,0,0,0,0,0.000343
faisalmajidnp,,1,0,0,0.000747,0,0,0,0,0.000343
erdidoank69,,0,1,0,0,1,1,1,0,0.0003
watch_asra,,0,1,1,0,1,1,1,0,0.0003
raflipadang,,1,8,20,0.000806,2,0.9,0.944444,6,0.000397
sembiringdalton,,1,0,20,0.000806,0,0,0,0,0.000343
sintya687017761,,1,0,20,0.000806,0,0,0,0,0.000343
nannosaja,,1,0,20,0.000806,0,0,0,0,0.000343
dave_prasetya,,1,0,20,0.000806,0,0,0,0,0.000343
kharismasukarno,,0,1,0,0,1,1,1,0,0.0003
rachman59387925,,0,2,1,0,1,1,1,0,0.0003
rudybintang10,,0,3,0,0,1,1,1,0,0.0003
semboyanrapuh,,0,1,0,0,1,1,1,0,0.0003
sciocogitocredo,,1,3,1,0.000747,1,1,1,1,0.000385
adememed3,,1,0,1,0.000803,0,0,0,0,0.00041
ridwandasitisar,,1,3,0,0.000747,1,1,1,2,0.000428
mustcho_55555,,0,2,0,0,2,0.666667,0.75,0,0.0003
rully62134436,,0,2,24,0,1,1,1,0,0.0003
yashudha_naka,,13,0,24,0.009716,0,0,0,0,0.001797
coffeecreamtea,,0,3,10,0,1,1,1,0,0.0003
bejomulyo18,,1,0,10,0.000747,0,0,0,0,0.000385
dnfirdaus8,,0,2,13,0,1,1,1,0,0.0003
gerilyawanahm,,0,3,4,0,1,1,1,0,0.0003
kusnoroyono4,,0,2,9,0,1,1,1,0,0.0003
stop_intoleran,,0,4,11,0,1,1,1,0,0.0003
sherin_tiara,,1,0,11,0.000747,0,0,0,0,0.000364
uangrec42404132,,1,0,11,0.000747,0,0,0,0,0.000364
akunyangbaik,,4,0,25,0.003673,0,0,0,0,0.000474
indowfofficial,,3,8,25,0.002739,2,0.785714,0.863636,1,0.000428
yaminhariyanto,,3,8,25,0.002739,2,0.785714,0.863636,1,0.000428
kumajasrobby,,2,8,25,0.001867,2,0.785714,0.863636,0,0.000391
choymarkochoy,,4,0,25,0.003673,0,0,0,0,0.000474
tok_suharto,,3,0,25,0.002739,0,0,0,0,0.000433
okasaptono2,,4,0,25,0.003673,0,0,0,0,0.000474
arabbara2,,4,0,25,0.003673,0,0,0,0,0.000474
trah1967,,0,1,13,0,1,1,1,0,0.0003
diekina25aja,,3,0,13,0.002242,0,0,0,0,0.000938
aliansikata,,0,2,3,0,1,1,1,0,0.0003
johnmeok,,0,1,13,0,1,1,1,0,0.0003
asdin28812169,,0,5,0,0,1,1,1,0,0.0003
chusnulch__,,11,0,0,0.008585,0,0,0,0,0.001479
doankwarto,,5,0,11,0.004035,0,0,0,0,0.000541
edhonvr,,0,1,0,0,1,1,1,0,0.0003
nissa_tari,,1,2,1,0.000747,1,1,1,0,0.000385
bwirawwn,,0,3,1,0,1,1,1,0,0.0003
fish_god76,,0,3,5,0,1,1,1,0,0.0003
doni40661840,,0,1,0,0,1,1,1,0,0.0003
halimatusaddia4,,0,2,0,0,2,0.625,0.7,0,0.0003
tan_mar3m,,5,4,0,0.00449,1,1,1,54,0.000978
rusamq,,0,3,4,0,1,1,1,0,0.0003
aniesindonesia,,1,0,4,0.000747,0,0,0,0,0.000385
140karakterkata,,0,1,0,0,1,1,1,0,0.0003
elbert20905987,,0,2,1,0,1,1,1,0,0.0003
camelaila1,,0,1,13,0,1,1,1,0,0.0003
agants3,,0,1,0,0,1,1,1,0,0.0003
dradjikin,,0,3,26,0,1,1,1,0,0.0003
haikal_hassan,,1,0,26,0.000747,0,0,0,0,0.000385
ayanimel,,1,0,26,0.000747,0,0,0,0,0.000385
maungngomul,,0,1,0,0,1,1,1,0,0.0003
sriwidi081196,,0,1,0,0,1,1,1,0,0.0003
ceriasinom1,,0,3,5,0,1,1,1,0,0.0003
organik_petani,,0,3,1,0,2,0.8,0.875,0,0.0003
widyowatisari,,0,1,0,0,1,1,1,0,0.0003
wahananewsdotco,,2,1,27,0.001611,0,0,0,0,0.000556
giberakata,,0,1,27,0,1,1,1,0,0.0003
nurnuri1263,,0,3,4,0,1,1,1,0,0.0003
aniesfans,,0,1,13,0,1,1,1,0,0.0003
veronikakrista1,,0,2,1,0,1,1,1,0,0.0003
rizal_1966,,0,2,1,0,1,1,1,0,0.0003
dethanvic,,0,1,4,0,1,1,1,0,0.0003
wildanilman,,0,2,3,0,1,1,1,0,0.0003
elona572,,0,1,0,0,1,1,1,0,0.0003
meltsan203,,0,3,4,0,1,1,1,0,0.0003
agustinusmvac,,0,3,13,0,1,1,1,0,0.0003
nkri_salam,,1,0,13,0.000747,0,0,0,0,0.000385
hairulislan,,0,3,4,0,1,1,1,0,0.0003
528ebc0d06004af,,0,3,4,0,1,1,1,0,0.0003
abah_saka,,0,3,10,0,1,1,1,0,0.0003
pigeon_hall,,0,5,11,0,1,1,1,0,0.0003
ratnaintankurn1,,5,0,9,0.004088,0,0,0,0,0.000501
adhi_beka2,,2,0,20,0.001495,0,0,0,0,0.000436
sksoniangka21,,0,3,4,0,1,1,1,0,0.0003
auliafiki1,,0,3,11,0,1,1,1,0,0.0003
ekadewi16033897,,0,3,4,0,1,1,1,0,0.0003
fadrizrm,,0,2,0,0,1,1,1,0,0.0003
imajidnasi,,0,1,0,0,1,1,1,0,0.0003
rajagukgukdjrg,,0,2,0,0,1,1,1,0,0.0003
bappdirgahayu,,0,2,1,0,1,1,1,0,0.0003
abumfs,,0,3,4,0,1,1,1,0,0.0003
djokokris,,0,3,4,0,1,1,1,0,0.0003
gendagenda13,,0,2,1,0,1,1,1,0,0.0003
wedangan4,,0,3,4,0,1,1,1,0,0.0003
chad6072022,,0,1,13,0,1,1,1,0,0.0003
rofrofzee,,0,3,5,0,1,1,1,0,0.0003
ateens71,,0,3,4,0,1,1,1,0,0.0003
8e9aca18c8de48f,,0,4,0,0,1,1,1,0,0.0003
zenold_antijoko,,2,1,0,0.001495,1,1,1,1,0.000449
hendriz67102017,,0,3,4,0,1,1,1,0,0.0003
abrahamumbas,,2,5,10,0.001551,2,0.857143,0.916667,12,0.00043
coachfox79,,1,0,10,0.000862,0,0,0,0,0.000373
chingchay10,,0,3,4,0,1,1,1,0,0.0003
iefarhad,,0,2,28,0,1,1,1,0,0.0003
oposisicerdas,,1,0,28,0.000747,0,0,0,0,0.000428
ariemessi,,0,2,5,0,1,1,1,0,0.0003
anton84090548,,0,3,11,0,1,1,1,0,0.0003
pinokio_togog,,0,2,0,0,3,0.4,0.453704,0,0.0003
fadli93089222,,0,1,0,0,1,1,1,0,0.0003
rizal_alfarouqy,,0,2,5,0,1,1,1,0,0.0003
dharmasayoga,,0,1,0,0,1,1,1,0,0.0003
koecing_pasar,,0,19,15,0,4,0.537313,0.703704,0,0.0003
murtadhaone1,,1,0,15,0.000747,0,0,0,0,0.000314
lho_koq,,1,0,15,0.000747,0,0,0,0,0.000314
rass_aa,,3,0,15,0.002412,0,0,0,0,0.000354
herry_wl,,3,0,15,0.002412,0,0,0,0,0.000354
maria_dzadina,,3,0,15,0.002412,0,0,0,0,0.000354
newiding30,,3,0,15,0.002412,0,0,0,0,0.000354
billipamungkas,,3,0,15,0.002412,0,0,0,0,0.000354
1ndonesiaku_,,2,0,15,0.001609,0,0,0,0,0.000333
casanovax8x,,10,2,15,0.008471,3,0.518519,0.559524,62,0.000971
wongjowo67,,2,0,15,0.001609,0,0,0,0,0.000333
abj_aseli,,2,0,15,0.001609,0,0,0,0,0.000333
dkijakarta,,16,0,15,0.013323,0,0,0,0,0.001837
_sekarkinanthi_,,2,16,15,0.001555,4,0.535714,0.702778,29,0.000368
anggalihma1994,,0,3,4,0,1,1,1,0,0.0003
dyramu,,0,1,0,0,1,1,1,0,0.0003
tungauganteng,,0,1,0,0,1,1,1,0,0.0003
kowelanang,,0,3,4,0,1,1,1,0,0.0003
simon01052022,,0,2,0,0,1,1,1,0,0.0003
idandasyahooco1,,0,2,13,0,1,1,1,0,0.0003
sistiatuti,,1,2,0,0.000806,1,1,1,0,0.000523
novrizalhelmi,,1,2,0,0.000806,1,1,1,0,0.000523
elmaisan,,0,1,0,0,1,1,1,0,0.0003
julissarannaf4,,0,1,0,0,1,1,1,0,0.0003
419tajul,,0,4,2,0,1,1,1,0,0.0003
joechristy27,,1,0,2,0.000747,0,0,0,0,0.000364
pdi_perjuangan,,12,0,2,0.010394,0,0,0,0,0.001055
lazycutes,,0,2,0,0,1,1,1,0,0.0003
sohelmourinho,,1,0,0,0.000747,0,0,0,0,0.000428
irman97757991,,0,3,4,0,1,1,1,0,0.0003
glee6951,,0,3,0,0,2,0.8,0.875,0,0.0003
torowanseno,,0,4,10,0,1,1,1,0,0.0003
obrolanpublik,,1,0,10,0.000747,0,0,0,0,0.000364
agusyudhoyono,,4,0,10,0.003256,0,0,0,0,0.000514
kaisar_dusun,,0,1,0,0,1,1,1,0,0.0003
amansur34526860,,0,4,20,0,2,0.666667,0.75,0,0.0003
nabeelaadelia,,1,0,20,0.000747,0,0,0,0,0.000364
yunartowijaya,,6,0,20,0.00454,0,0,0,0,0.000786
kitauang,,0,2,20,0,1,1,1,0,0.0003
farid_sofa,,6,0,20,0.004484,0,0,0,0,0.000858
mulyanasmi291,,0,4,4,0,1,1,1,0,0.0003
ruddykioji1,,0,3,4,0,1,1,1,0,0.0003
nasrunbaso,,0,3,11,0,1,1,1,0,0.0003
fansdafbeloe,,0,2,29,0,1,1,1,0,0.0003
trending_issue,,1,0,29,0.000747,0,0,0,0,0.000428
edharis3,,0,8,39,0,1,1,1,0,0.0003
ganjar,,1,0,39,0.000747,0,0,0,0,0.000332
eyangkakung2021,,1,0,39,0.000747,0,0,0,0,0.000332
asrornews,,1,0,39,0.000747,0,0,0,0,0.000332
anies,,2,0,39,0.001495,0,0,0,0,0.000369
bambang_budimab,,2,0,39,0.001495,0,0,0,0,0.000347
jasonmalaujm,,0,2,30,0,1,1,1,0,0.0003
spider_hunt616,,1,0,30,0.000747,0,0,0,0,0.000428
rokhanayati1,,0,3,4,0,1,1,1,0,0.0003
rigadarmawan,,0,4,0,0,1,1,1,0,0.0003
marquez__93,,13,0,4,0.009998,0,0,0,0,0.001896
caturyu28266504,,1,2,0,0.000747,1,1,1,0,0.000343
_seknas_ri,,0,6,0,0,1,1,1,0,0.0003
ziezie84187091,,3,0,0,0.002242,0,0,0,0,0.000492
dngwidhiyantoro,,0,1,0,0,1,1,1,0,0.0003
theonecoser,,0,2,24,0,1,1,1,0,0.0003
wigrahman,,0,4,11,0,1,1,1,0,0.0003
korantempo,,2,0,13,0.001495,0,0,0,0,0.000401
kocokreok,,0,3,4,0,1,1,1,0,0.0003
shazwinkhalid,,0,3,4,0,1,1,1,0,0.0003
salim81_agus,,0,3,4,0,1,1,1,0,0.0003
arionalst,,0,5,11,0,1,1,1,0,0.0003
izmeil_4li,,0,1,0,0,1,1,1,0,0.0003
cikungngunyah,,0,1,0,0,1,1,1,0,0.0003
faj82020,,0,3,4,0,1,1,1,0,0.0003
jimbrottt,,0,3,4,0,1,1,1,0,0.0003
rambat_surjadi,,0,3,0,0,1,1,1,0,0.0003
wawan_r,,0,3,4,0,1,1,1,0,0.0003
nursalampasiori,,0,1,0,0,1,1,1,0,0.0003
inkaputri81,,0,1,0,0,1,1,1,0,0.0003
tryez6,,0,1,0,0,1,1,1,0,0.0003
boedi_wie,,0,2,1,0,1,1,1,0,0.0003
javaraaethnic,,0,2,24,0,1,1,1,0,0.0003
abdulfatich,,0,2,1,0,1,1,1,0,0.0003
altalarik_d,,0,2,6,0,1,1,1,0,0.0003
buditangar1,,0,3,4,0,1,1,1,0,0.0003
qboy57619422,,0,1,0,0,1,1,1,0,0.0003
zazuzih,,0,3,11,0,1,1,1,0,0.0003
aniesbas,,21,0,11,0.016936,0,0,0,0,0.002671
z4r4n,,20,2,11,0.015064,1,1,1,0,0.001873
mams2176,,0,3,4,0,1,1,1,0,0.0003
kampreet_ngimpi,,0,2,5,0,1,1,1,0,0.0003
72gar7,,1,5,0,0.000864,4,0.5625,0.731481,2,0.000363
adenursaadah,,1,0,0,0.000808,0,0,0,0,0.000362
heri61323088,,0,3,4,0,1,1,1,0,0.0003
banaspaijo,,0,7,39,0,1,1,1,0,0.0003
ythbapakluhut,,1,0,39,0.000747,0,0,0,0,0.000337
cendanao,,1,0,39,0.000747,0,0,0,0,0.000337
soeriaamidjaya,,0,3,0,0,1,1,1,0,0.0003
attanorman,,0,3,4,0,1,1,1,0,0.0003
agushaes01,,0,2,1,0,1,1,1,0,0.0003
zulham_z,,0,2,9,0,1,1,1,0,0.0003
rovicky60,,0,3,4,0,1,1,1,0,0.0003
25yudika,,0,2,6,0,1,1,1,0,0.0003
wawanku91078524,,0,4,11,0,1,1,1,0,0.0003
panca126,,0,2,31,0,1,1,1,0,0.0003
hyevan1,,1,0,31,0.000747,0,0,0,0,0.000428
fredy_santana01,,0,1,0,0,1,1,1,0,0.0003
anakleuweng,,0,1,0,0,1,1,1,0,0.0003
auri_okman,,0,3,4,0,1,1,1,0,0.0003
cebi_lu_tolol,,0,3,4,0,1,1,1,0,0.0003
alisegorone,,0,2,5,0,1,1,1,0,0.0003
basilsakti,,0,1,4,0,1,1,1,0,0.0003
anisuparti28,,0,1,0,0,1,1,1,0,0.0003
ichan_pitoeng,,0,1,0,0,1,1,1,0,0.0003
eddo_003,,0,1,0,0,1,1,1,0,0.0003
afbyta,,0,1,32,0,1,1,1,0,0.0003
youtubeilc,,1,0,32,0.000747,0,0,0,0,0.000556
286dcb7a7b55484,,0,1,0,0,1,1,1,0,0.0003
ramlise7,,0,2,13,0,1,1,1,0,0.0003
6961df9e4ab34c6,,3,0,13,0.002242,0,0,0,0,0.000641
danqo12,,0,1,0,0,1,1,1,0,0.0003
azhari89456519,,0,2,13,0,1,1,1,0,0.0003
madamewijayanti,,0,2,35,0,1,1,1,0,0.0003
dio33938520,,0,2,1,0,1,1,1,0,0.0003
syamilnafidz,,0,3,11,0,1,1,1,0,0.0003
tomatfun,,0,3,21,0,1,1,1,0,0.0003
susipudjiastuti,,4,0,21,0.003106,0,0,0,0,0.00065
oposisinarsis,,4,0,21,0.003106,0,0,0,0,0.00065
ombowajah,,0,4,11,0,1,1,1,0,0.0003
nuryadirahman7,,0,2,1,0,1,1,1,0,0.0003
binmahmoudd,,0,2,1,0,1,1,1,0,0.0003
rajamandiri70,,0,1,1,0,1,1,1,0,0.0003
agussup39011241,,0,7,0,0,4,0.456522,0.583333,0,0.0003
candra4smara,,1,0,0,0.000747,0,0,0,0,0.000337
teddgus,,2,0,0,0.001495,0,0,0,0,0.000464
hokage_c1r3n6,,7,4,15,0.005402,3,0.555556,0.622222,136,0.00086
muhamma30730881,,0,2,1,0,1,1,1,0,0.0003
yudiwah14377235,,0,3,4,0,1,1,1,0,0.0003
avifnih,,0,3,4,0,1,1,1,0,0.0003
30saja22,,0,2,1,0,1,1,1,0,0.0003
eva_mirae,,0,3,4,0,1,1,1,0,0.0003
arijund,,0,3,4,0,1,1,1,0,0.0003
patriot02646032,,0,3,4,0,1,1,1,0,0.0003
aku96780469,,0,1,13,0,1,1,1,0,0.0003
mijir171,,0,3,0,0,2,0.8,0.875,0,0.0003
patar_tob,,0,2,5,0,1,1,1,0,0.0003
pekaklonto76,,0,1,4,0,1,1,1,0,0.0003
putrara85155705,,0,1,0,0,1,1,1,0,0.0003
herisud82651425,,0,2,24,0,1,1,1,0,0.0003
mbero_abdullah,,0,2,1,0,1,1,1,0,0.0003
kamallutfi212,,0,3,11,0,1,1,1,0,0.0003
faruq06254776,,3,13,9,0.002611,3,0.613636,0.722222,7,0.00038
pandhitadhyasa1,,1,0,9,0.000929,0,0,0,0,0.000325
leochan87468458,,0,3,4,0,1,1,1,0,0.0003
tkianat,,0,4,0,0,2,0.666667,0.75,0,0.0003
boedoet12489730,,0,3,4,0,1,1,1,0,0.0003
adinda_ariffa,,0,3,4,0,1,1,1,0,0.0003
ya2t09,,0,1,1,0,1,1,1,0,0.0003
avicks_ooy,,0,2,1,0,1,1,1,0,0.0003
bonie0959,,0,3,11,0,1,1,1,0,0.0003
mr_akwan,,0,3,13,0,4,0.404762,0.485294,0,0.0003
jodie_pn,,0,3,11,0,1,1,1,0,0.0003
biniriansyah,,0,2,15,0,4,0.390244,0.453125,0,0.0003
budarsana_ketut,,0,2,6,0,1,1,1,0,0.0003
merduyanti,,0,2,1,0,1,1,1,0,0.0003
riyanto_hardi,,0,2,13,0,1,1,1,0,0.0003
oka_suwitra,,0,1,0,0,1,1,1,0,0.0003
hehe_herdiana,,0,2,13,0,1,1,1,0,0.0003
baribis_,,0,2,20,0,1,1,1,0,0.0003
yulfentri_munaf,,4,0,20,0.00299,0,0,0,0,0.000607
andrisusantosu2,,0,3,0,0,2,0.666667,0.75,0,0.0003
borneomandau,,7,4,0,0.005413,1,1,1,20.5,0.000588
heri_andri,,0,2,1,0,1,1,1,0,0.0003
cadoctor,,0,3,4,0,1,1,1,0,0.0003
wibsetiawan,,0,2,0,0,3,0.4,0.453704,0,0.0003
rusdinoormanap,,0,1,13,0,1,1,1,0,0.0003
99barbarossa,,0,3,11,0,1,1,1,0,0.0003
yusufhs19,,0,3,11,0,1,1,1,0,0.0003
septian1134,,0,2,1,0,1,1,1,0,0.0003
nkoyogan,,0,3,20,0,2,0.636364,0.714286,0,0.0003
rockyputurai,,0,2,0,0,2,0.666667,0.75,0,0.0003
m45broo_,,9,3,0,0.007317,1,1,1,26,0.001825
zainul070678,,0,1,0,0,1,1,1,0,0.0003
_goentoer_,,0,1,4,0,1,1,1,0,0.0003
wisang4321,,0,3,20,0,1,1,1,0,0.0003
anteb23197857,,0,1,4,0,1,1,1,0,0.0003
hersoek65,,0,1,0,0,1,1,1,0,0.0003
abdie_165,,0,4,0,0,1,1,1,0,0.0003
roedhaytoo,,1,3,10,0.000747,1,1,1,2,0.000385
bayu_adianto,,2,0,10,0.001551,0,0,0,0,0.000461
ardantaji,,0,3,10,0,2,0.714286,0.8,0,0.0003
hralvareza77,,0,2,4,0,1,1,1,0,0.0003
rusdian10599719,,0,2,1,0,1,1,1,0,0.0003
anhend4,,0,2,1,0,1,1,1,0,0.0003
rintocw,,0,2,5,0,1,1,1,0,0.0003
dvee883,,0,2,0,0,1,1,1,0,0.0003
moteetee,,0,5,0,0,1,1,1,0,0.0003
dkfauzi,,0,3,4,0,1,1,1,0,0.0003
penghuni_goa,,0,1,0,0,1,1,1,0,0.0003
jakapujakesuma1,,0,2,6,0,1,1,1,0,0.0003
awanxbaia,,0,1,0,0,1,1,1,0,0.0003
indranovisi,,0,2,20,0,2,0.6,0.666667,0,0.0003
zoelbinsem,,0,1,0,0,1,1,1,0,0.0003
husenicank,,0,2,1,0,1,1,1,0,0.0003
iqbalkidd,,0,2,1,0,1,1,1,0,0.0003
sayasay67639741,,0,3,11,0,1,1,1,0,0.0003
xuemei_mei,,0,2,1,0,1,1,1,0,0.0003
diradioapps,,0,1,0,0,1,1,1,0,0.0003
aawas2020,,0,3,20,0,2,0.636364,0.714286,0,0.0003
rayensatpin,,0,3,4,0,1,1,1,0,0.0003
hannasrahmat,,0,3,0,0,3,0.470588,0.604167,0,0.0003
titik_cahaya12,,2,3,0,0.001495,2,0.636364,0.714286,10,0.0004
wahyutridaya1,,0,3,11,0,1,1,1,0,0.0003
aureliaauritans,,0,1,0,0,1,1,1,0,0.0003
jazahaeru,,0,3,11,0,1,1,1,0,0.0003
ari_atjhonk,,0,3,0,0,1,1,1,0,0.0003
maroanmaroanya1,,0,3,4,0,1,1,1,0,0.0003
ruswi3,,0,2,1,0,1,1,1,0,0.0003
fisabil49338483,,0,2,0,0,1,1,1,0,0.0003
ariefmomon2,,0,3,4,0,1,1,1,0,0.0003
woda_johan,,0,3,5,0,1,1,1,0,0.0003
abahproject09,,0,3,11,0,1,1,1,0,0.0003
mashursiregar,,0,2,1,0,1,1,1,0,0.0003
jmandiri011,,0,2,5,0,1,1,1,0,0.0003
alkarz_5,,0,3,11,0,1,1,1,0,0.0003
arekarusbawah,,1,9,11,0.000806,1,1,1,4,0.000357
rk_lamongan,,1,0,11,0.000806,0,0,0,0,0.000334
dey_mamanya2dha,,0,1,0,0,1,1,1,0,0.0003
charlkatakuri,,0,1,0,0,1,1,1,0,0.0003
lintasparlemen,,0,2,20,0,1,1,1,0,0.0003
perangutan_,,0,2,33,0,1,1,1,0,0.0003
damaiharilubis,,4,1,33,0.003222,0,0,0,0,0.000938
aznil_yeni,,0,3,4,0,1,1,1,0,0.0003
zulhier,,0,2,1,0,1,1,1,0,0.0003
masdui250280,,0,3,4,0,1,1,1,0,0.0003
jsuhendartea1,,0,3,4,0,1,1,1,0,0.0003
haridjoe,,0,3,4,0,1,1,1,0,0.0003
raharjokw,,0,2,1,0,1,1,1,0,0.0003
sansanoke8,,0,3,4,0,1,1,1,0,0.0003
herisuwondo2,,0,1,0,0,1,1,1,0,0.0003
toriq_pavana,,0,1,0,0,1,1,1,0,0.0003
ainkfarel,,0,1,0,0,1,1,1,0,0.0003
ashadi0005,,0,2,1,0,1,1,1,0,0.0003
rendradandi,,0,1,13,0,1,1,1,0,0.0003
oephe,,0,3,13,0,1,1,1,0,0.0003
miduk17,,6,0,13,0.004659,0,0,0,0,0.000655
jundi_se,,0,1,34,0,1,1,1,0,0.0003
garenghallu,,1,0,34,0.000747,0,0,0,0,0.000556
rizwanovharoon,,0,2,1,0,1,1,1,0,0.0003
hancuktenan,,0,1,4,0,1,1,1,0,0.0003
yukikurniawan1,,0,3,4,0,1,1,1,0,0.0003
horehoream,,0,1,0,0,1,1,1,0,0.0003
acatsakti,,0,1,0,0,1,1,1,0,0.0003
jokotin59927788,,0,1,0,0,1,1,1,0,0.0003
antopionmas,,0,1,0,0,1,1,1,0,0.0003
d3maula81,,0,4,13,0,1,1,1,0,0.0003
ssspujono,,0,10,0,0,2,0.916667,0.954545,0,0.0003
adi2576,,1,0,0,0.000747,0,0,0,0,0.000326
lambrisyarif,,1,0,0,0.000747,0,0,0,0,0.000326
vanila_mistd,,2,0,0,0.00184,0,0,0,0,0.000507
pras41407973,,4,0,0,0.003227,0,0,0,0,0.000527
sitiazi78994521,,0,2,1,0,1,1,1,0,0.0003
tawakkal_03,,0,3,4,0,1,1,1,0,0.0003
djokopwt171,,0,1,0,0,1,1,1,0,0.0003
suryapanduwina1,,0,3,4,0,1,1,1,0,0.0003
alwie42199133,,0,2,4,0,1,1,1,0,0.0003
setyosby,,0,2,1,0,1,1,1,0,0.0003
kasinodjojo,,0,3,35,0,1,1,1,0,0.0003
bangsaindonesia,,1,0,35,0.000747,0,0,0,0,0.000385
asepberlian8,,0,2,5,0,1,1,1,0,0.0003
jwinono,,0,3,4,0,1,1,1,0,0.0003
oposisiojol,,0,2,10,0,1,1,1,0,0.0003
vegeri17,,1,2,36,0.000747,1,1,1,0,0.000385
wagimandeep212_,,2,0,36,0.001551,0,0,0,0,0.000549
anukisina,,0,3,36,0,1,1,1,0,0.0003
bocaharusbawah,,0,3,0,0,2,0.714286,0.8,0,0.0003
reifky2121,,0,3,11,0,1,1,1,0,0.0003
buiternzorg26,,0,3,4,0,1,1,1,0,0.0003
umar56992766,,0,1,0,0,1,1,1,0,0.0003
dewiazhar88,,0,2,35,0,1,1,1,0,0.0003
kean92781949,,0,1,13,0,1,1,1,0,0.0003
antaredja1,,0,4,9,0,1,1,1,0,0.0003
omsky6,,1,0,9,0.000747,0,0,0,0,0.000364
sariden10687985,,0,6,6,0,1,1,1,0,0.0003
trustrang,,1,0,6,0.000747,0,0,0,0,0.000343
sidik_best,,1,0,6,0.000747,0,0,0,0,0.000343
deahasan99,,0,2,9,0,1,1,1,0,0.0003
elanghi40616727,,0,3,11,0,1,1,1,0,0.0003
melqisbalbosar,,0,1,13,0,1,1,1,0,0.0003
chintamaintweet,,0,3,15,0,3,0.5625,0.648148,0,0.0003
ganarmdhn,,1,0,15,0.000747,0,0,0,0,0.000385
pt_transjakarta,,12,6,15,0.010652,2,0.875,0.928571,137.5,0.001724
lulu081180,,0,1,0,0,1,1,1,0,0.0003
jeletot15,,0,4,0,0,1,1,1,0,0.0003
firaun7799,,0,2,37,0,1,1,1,0,0.0003
gl_ku3,,1,0,37,0.000747,0,0,0,0,0.000428
jayusmenslamet,,0,2,35,0,1,1,1,0,0.0003
kamuscuan,,0,1,0,0,1,1,1,0,0.0003
teukukhamil,,0,1,38,0,1,1,1,0,0.0003
aetrajkt,,1,0,38,0.000747,0,0,0,0,0.000556
viskaya,,0,2,1,0,1,1,1,0,0.0003
patmono98,,0,2,5,0,1,1,1,0,0.0003
masjhon15200360,,0,1,33,0,1,1,1,0,0.0003
helmetan1,,0,3,0,0,1,1,1,0,0.0003
greinkarnasi,,1,0,0,0.000747,0,0,0,0,0.000385
zack72864898,,0,3,11,0,1,1,1,0,0.0003
noorofiq2,,0,1,0,0,1,1,1,0,0.0003
sudartobram,,0,2,22,0,1,1,1,0,0.0003
kaum_molor,,0,12,10,0,1,1,1,0,0.0003
cdcg,,1,0,10,0.000747,0,0,0,0,0.000322
cvspharmacy,,1,0,10,0.000747,0,0,0,0,0.000322
dokter_prima,,1,0,10,0.000747,0,0,0,0,0.000322
blogdokter,,1,0,10,0.000747,0,0,0,0,0.000322
whoindonesia,,1,0,10,0.000747,0,0,0,0,0.000322
pbidi,,1,0,10,0.000747,0,0,0,0,0.000322
kemenkesri,,1,0,10,0.000747,0,0,0,0,0.000322
erickthohir,,1,0,10,0.000747,0,0,0,0,0.000322
rwinfinance,,1,0,10,0.000747,0,0,0,0,0.000322
wildisond,,0,3,4,0,1,1,1,0,0.0003
onetu_17,,0,8,39,0,1,1,1,0,0.0003
randy93337517,,0,2,1,0,1,1,1,0,0.0003
readone30777215,,0,3,11,0,1,1,1,0,0.0003
jungpal9,,0,1,0,0,1,1,1,0,0.0003
iensolihin,,0,3,11,0,1,1,1,0,0.0003
palbapang1,,0,2,13,0,1,1,1,0,0.0003
hdfriza,,0,1,0,0,1,1,1,0,0.0003
muslikhmohamad,,0,1,0,0,1,1,1,0,0.0003
suroso60592134,,0,2,13,0,1,1,1,0,0.0003
dartana7,,0,2,5,0,1,1,1,0,0.0003
basuki_btp,,2,0,5,0.001551,0,0,0,0,0.000464
radikal_kafir,,0,2,1,0,1,1,1,0,0.0003
suryobumi,,0,1,13,0,1,1,1,0,0.0003
suminlegacy,,0,1,0,0,1,1,1,0,0.0003
harapanbaru16,,0,3,4,0,1,1,1,0,0.0003
mencarisejati28,,0,2,10,0,1,1,1,0,0.0003
angpratama85,,0,1,0,0,1,1,1,0,0.0003
lemansule10,,0,1,1,0,1,1,1,0,0.0003
suwandidandi4,,0,3,4,0,1,1,1,0,0.0003
denish234,,0,3,4,0,1,1,1,0,0.0003
abang_nj,,0,3,11,0,1,1,1,0,0.0003
asdinv691,,0,2,1,0,1,1,1,0,0.0003
najmuddinrasul1,,0,3,11,0,1,1,1,0,0.0003
alvin_nugraha04,,0,1,0,0,1,1,1,0,0.0003
erickk_004,,0,2,20,0,1,1,1,0,0.0003
yudighozali,,0,1,0,0,1,1,1,0,0.0003
sarjisetiawan,,0,3,11,0,1,1,1,0,0.0003
mangunsong63,,1,3,13,0.000806,1,1,1,0,0.000419
4l_4limuali,,1,3,13,0.000806,1,1,1,0,0.000419
ks76049262,,0,3,1,0,1,1,1,0,0.0003
hanz22604636,,4,0,1,0.003048,0,0,0,0,0.000582
nafiachmad3,,0,3,4,0,1,1,1,0,0.0003
noeroelhoed4,,0,2,1,0,1,1,1,0,0.0003
agamhamidi,,0,1,0,0,1,1,1,0,0.0003
purwatirahayu5,,0,2,22,0,1,1,1,0,0.0003
agusjambul7,,0,3,4,0,1,1,1,0,0.0003
bridwan5,,0,2,0,0,1,1,1,0,0.0003
rusiaone,,0,2,1,0,1,1,1,0,0.0003
muhansor4,,0,5,6,0,1,1,1,0,0.0003
rezhachaniago,,2,0,6,0.001495,0,0,0,0,0.000394
masdwi25465196,,0,1,0,0,1,1,1,0,0.0003
achmbad,,0,3,4,0,1,1,1,0,0.0003
exoloncejypstan,,0,1,1,0,1,1,1,0,0.0003
andredududu,,0,2,1,0,1,1,1,0,0.0003
suezoetomo,,0,2,0,0,1,1,1,0,0.0003
dendolll_,,0,1,0,0,1,1,1,0,0.0003
miswandiwandi8,,0,2,0,0,1,1,1,0,0.0003
suprayoga123,,0,5,0,0,4,0.432432,0.5625,0,0.0003
allenwa51704921,,1,5,0,0.000747,3,0.565217,0.666667,11,0.000351
cheagusto,,2,0,0,0.001551,0,0,0,0,0.000411
st_maryam_,,11,8,20,0.00915,2,0.833333,0.9,84,0.001119
mmayaabba,,0,1,0,0,1,1,1,0,0.0003
maspureko,,0,2,0,0,1,1,1,0,0.0003
bubhu_puphu,,0,1,13,0,1,1,1,0,0.0003
jayadin46137508,,0,3,15,0,1,1,1,0,0.0003
budijon76660606,,0,4,9,0,1,1,1,0,0.0003
zrsaja,,1,0,9,0.000747,0,0,0,0,0.000364
jafarrewa2,,0,2,40,0,1,1,1,0,0.0003
eraaneh,,1,0,40,0.000747,0,0,0,0,0.000428
tinta60446377,,0,1,0,0,1,1,1,0,0.0003
krismanto234,,0,3,4,0,1,1,1,0,0.0003
eerfun3,,0,1,0,0,1,1,1,0,0.0003
sayasetiankri,,0,1,0,0,1,1,1,0,0.0003
bowodoel,,0,2,1,0,1,1,1,0,0.0003
oscarandry20,,0,2,0,0,1,1,1,0,0.0003
saktiulung,,0,1,0,0,1,1,1,0,0.0003
muhammaridho4,,0,2,1,0,1,1,1,0,0.0003
ryadi_zho,,0,1,0,0,1,1,1,0,0.0003
helmirusdiansy1,,0,2,1,0,1,1,1,0,0.0003
avaprihast,,0,1,0,0,1,1,1,0,0.0003
sanazhen1,,0,7,13,0,1,1,1,0,0.0003
skyeagle8055,,1,0,13,0.000747,0,0,0,0,0.000337
siregar_najeges,,1,0,13,0.000747,0,0,0,0,0.000337
jpnncom,,2,0,13,0.001495,0,0,0,0,0.000464
marlina_idha,,14,0,13,0.010976,0,0,0,0,0.001604
ahyarmuhammadc,,0,2,10,0,1,1,1,0,0.0003
ladodi15,,0,1,0,0,1,1,1,0,0.0003
bangor9302,,0,3,5,0,1,1,1,0,0.0003
trahbuthex007,,1,0,5,0.000747,0,0,0,0,0.000385
koncektanah,,0,4,20,0,1,1,1,0,0.0003
ani,,1,0,20,0.000747,0,0,0,0,0.000364
gbdjayakarta,,1,0,20,0.000747,0,0,0,0,0.000364
kalong_medsos,,4,0,20,0.00299,0,0,0,0,0.000543
yaali71,,0,1,1,0,1,1,1,0,0.0003
pardo_aganis,,0,2,1,0,1,1,1,0,0.0003
rizaarfifi,,0,2,0,0,2,0.75,0.833333,0,0.0003
mang_adil,,5,2,0,0.003797,1,1,1,7,0.000801
dlmjaki1,,0,1,0,0,1,1,1,0,0.0003
riywahyu,,0,2,0,0,1,1,1,0,0.0003
fujipermata68,,0,1,0,0,1,1,1,0,0.0003
bram96474207,,0,3,11,0,1,1,1,0,0.0003
ilvi_krizal,,0,1,1,0,1,1,1,0,0.0003
reentis_,,1,2,0,0.000747,1,1,1,0,0.000385
ariarjiwinata02,,0,3,0,0,1,1,1,0,0.0003
ankwardana,,0,2,0,0,1,1,1,0,0.0003
hary717,,0,4,0,0,1,1,1,0,0.0003
ferizandra,,1,0,0,0.000747,0,0,0,0,0.000364
chokee72634552,,1,0,0,0.000747,0,0,0,0,0.000364
mochatma,,1,0,0,0.000747,0,0,0,0,0.000364
ox_onic,,0,2,0,0,3,0.571429,0.708333,0,0.0003
lembayung071,,10,2,0,0.008291,2,0.75,0.833333,26,0.001784
jundisone,,1,3,4,0.000747,1,1,1,2,0.000428
sulaemanfahrino,,0,2,4,0,2,0.666667,0.75,0,0.0003
rikisyafruddin,,0,2,39,0,1,1,1,0,0.0003
sandybabon,,0,1,0,0,1,1,1,0,0.0003
kalamharun,,0,2,20,0,2,0.6,0.666667,0,0.0003
bigbossjp24,,0,2,10,0,1,1,1,0,0.0003
naswardisihaloh,,0,1,0,0,1,1,1,0,0.0003
papatanjung,,0,3,4,0,1,1,1,0,0.0003
suryadi89445402,,0,3,4,0,1,1,1,0,0.0003
pakdeagustinus,,1,5,20,0.000806,3,0.565217,0.666667,0,0.000362
sanuri_tumpang,,2,4,20,0.001611,3,0.55,0.651515,1,0.000423
ojoklalenya,,1,5,20,0.000806,3,0.565217,0.666667,0,0.000362
hragusharyanto,,0,5,0,0,2,0.727273,0.8125,0,0.0003
benjolbarotho,,1,3,41,0.000747,1,1,1,2,0.000351
muhtarom808,,0,2,20,0,1,1,1,0,0.0003
bos_sir,,8,0,20,0.006362,0,0,0,0,0.001014
it19s20,,0,2,13,0,1,1,1,0,0.0003
nurida1081,,0,4,0,0,1,1,1,0,0.0003
yanoen3,,0,3,10,0,1,1,1,0,0.0003
akupadi5,,1,0,10,0.000747,0,0,0,0,0.000385
zaenaludin5,,0,1,0,0,1,1,1,0,0.0003
nadlafaiz,,0,1,4,0,1,1,1,0,0.0003
pendi1304,,0,1,0,0,1,1,1,0,0.0003
firdaushasyim,,0,3,11,0,1,1,1,0,0.0003
anticukong,,0,3,11,0,1,1,1,0,0.0003
muamark54745050,,0,1,0,0,1,1,1,0,0.0003
afliem25,,0,1,13,0,1,1,1,0,0.0003
rillo_yaya,,0,1,0,0,1,1,1,0,0.0003
frihusami1,,0,2,0,0,1,1,1,0,0.0003
amin12681595,,0,1,0,0,1,1,1,0,0.0003
totopribadi2,,1,2,5,0.000803,1,1,1,0,0.000337
imadya,,1,0,5,0.000803,0,0,0,0,0.000337
dprddkijakarta,,1,0,5,0.000803,0,0,0,0,0.000337
kompascom,,5,0,17,0.003965,0,0,0,0,0.000954
hepipurwana,,1,1,0,0.000747,1,1,1,0,0.000385
aslamnatsir,,0,3,0,0,1,1,1,0,0.0003
bebuzzernkri,,0,4,6,0,1,1,1,0,0.0003
barcamu93,,0,6,13,0,1,1,1,0,0.0003
aniesfor2024,,1,0,13,0.000747,0,0,0,0,0.000343
jarnasabw,,2,0,13,0.001566,0,0,0,0,0.000386
blackpost_id,,1,3,21,0.000806,1,1,1,0,0.000374
darminto55anto,,1,4,21,0.000803,1,1,1,6,0.000345
ronaldo_juang,,0,3,24,0,1,1,1,0,0.0003
ahmadrahmola12,,1,0,24,0.000747,0,0,0,0,0.000385
budihartoeko,,0,1,0,0,1,1,1,0,0.0003
bangkitlah_km50,,0,1,0,0,1,1,1,0,0.0003
jimmysimbar5,,0,2,1,0,1,1,1,0,0.0003
munthejulianie,,0,1,0,0,1,1,1,0,0.0003
ronynuronym,,0,3,4,0,1,1,1,0,0.0003
ainulnrputra,,0,3,20,0,1,1,1,0,0.0003
lelakiabiez,,0,1,13,0,1,1,1,0,0.0003
pas860479891,,1,2,1,0.000747,1,1,1,0,0.000385
fuadnoer12,,0,3,1,0,1,1,1,0,0.0003
lutfan_mohamad,,0,2,1,0,1,1,1,0,0.0003
jannotama,,0,2,6,0,1,1,1,0,0.0003
dennybrata1,,0,3,21,0,1,1,1,0,0.0003
firaun_jamannow,,1,0,21,0.000747,0,0,0,0,0.000385
_ekokuntadhi,,2,0,21,0.001495,0,0,0,0,0.000428
hamba_29,,0,1,1,0,1,1,1,0,0.0003
pajjala,,0,3,4,0,1,1,1,0,0.0003
dwikusumastuti,,0,2,24,0,1,1,1,0,0.0003
guepea212,,0,1,13,0,1,1,1,0,0.0003
lastulilfirdaus,,0,2,0,0,3,0.4,0.453704,0,0.0003
bendolganteng,,0,2,0,0,3,0.571429,0.708333,0,0.0003
monamawardi31,,0,2,1,0,1,1,1,0,0.0003
okbb61027686,,0,2,9,0,1,1,1,0,0.0003
totoey,,0,1,13,0,1,1,1,0,0.0003
2ikhtiar,,0,2,1,0,1,1,1,0,0.0003
aremafc,,1,0,22,0.000803,0,0,0,0,0.000355
joharfifi,,1,0,22,0.000803,0,0,0,0,0.000355
cometoghether73,,1,0,22,0.000803,0,0,0,0,0.000355
herrybae777,,1,0,22,0.000803,0,0,0,0,0.000355
n4g707,,0,3,13,0,1,1,1,0,0.0003
ariiq39638088,,1,0,13,0.000747,0,0,0,0,0.000385
fnf_0717,,0,4,10,0,1,1,1,0,0.0003
kejaksaanri,,2,0,10,0.001553,0,0,0,0,0.000419
juanandika85,,0,1,0,0,1,1,1,0,0.0003
bentangnegeri,,2,0,15,0.001669,0,0,0,0,0.000374
paltiwest,,1,5,15,0.000862,5,0.384615,0.487222,4,0.00032
zoe_namakoe,,0,2,6,0,1,1,1,0,0.0003
siaknur,,0,1,0,0,1,1,1,0,0.0003
andpratama17,,0,1,0,0,1,1,1,0,0.0003
willyrosiyandi,,0,2,42,0,1,1,1,0,0.0003
manzuu181,,1,0,42,0.000747,0,0,0,0,0.000428
edhi_shi,,0,3,0,0,2,0.8,0.875,0,0.0003
alex_suprijadi,,0,2,0,0,3,0.571429,0.708333,0,0.0003
akhiyoung,,0,2,39,0,1,1,1,0,0.0003
laseapoyhbb,,0,2,43,0,1,1,1,0,0.0003
bungongez,,1,0,43,0.000747,0,0,0,0,0.000428
darahbima,,0,1,0,0,1,1,1,0,0.0003
walangp,,0,1,0,0,1,1,1,0,0.0003
bowi1,,0,3,4,0,1,1,1,0,0.0003
zeroteuing,,0,2,5,0,1,1,1,0,0.0003
mimiegoi,,0,1,0,0,1,1,1,0,0.0003
lspiatki4,,0,1,0,0,1,1,1,0,0.0003
nanangh20078753,,0,1,0,0,1,1,1,0,0.0003
hsndin,,0,4,0,0,1,1,1,0,0.0003
agusjun10717669,,0,3,4,0,1,1,1,0,0.0003
amirwinwin,,0,3,4,0,1,1,1,0,0.0003
wepe20_,,0,1,0,0,1,1,1,0,0.0003
askar29984293,,0,3,4,0,1,1,1,0,0.0003
masrodin21,,0,2,1,0,1,1,1,0,0.0003
ayang_hyang,,1,2,0,0.000747,1,1,1,0,0.000385
mehhh75765607,,0,3,0,0,1,1,1,0,0.0003
kritikusr,,0,2,44,0,1,1,1,0,0.0003
putri_melayu0,,1,0,44,0.000747,0,0,0,0,0.000428
bulekimut1,,0,4,0,0,1,1,1,0,0.0003
cenkboboy,,11,2,0,0.008391,1,1,1,0,0.001024
eddy_rakhman,,0,1,1,0,1,1,1,0,0.0003
yudhimardian1,,0,3,4,0,1,1,1,0,0.0003
togogkempling,,0,3,4,0,1,1,1,0,0.0003
amarmak02901806,,0,2,1,0,1,1,1,0,0.0003
fahadbsri1,,1,0,20,0.001397,0,0,0,0,0.000419
dj_bams74,,1,0,20,0.001397,0,0,0,0,0.000419
kersopesawatgm1,,0,2,1,0,1,1,1,0,0.0003
abualf2,,0,6,0,0,1,1,1,0,0.0003
pabloherlambang,,0,2,13,0,1,1,1,0,0.0003
harrytriack,,0,1,1,0,1,1,1,0,0.0003
gzogi,,0,1,0,0,1,1,1,0,0.0003
djadulm,,0,3,4,0,1,1,1,0,0.0003
afarabih,,0,2,1,0,1,1,1,0,0.0003
yozaabdurachman,,0,3,11,0,1,1,1,0,0.0003
rahmanlenovo8,,0,3,0,0,1,1,1,0,0.0003
totoandre3,,1,0,0,0.000747,0,0,0,0,0.000385
celebesid_,,0,1,0,0,1,1,1,0,0.0003
lassadlinas,,0,3,11,0,1,1,1,0,0.0003
blackcotanya,,0,16,9,0,5,0.460674,0.622764,0,0.0003
saposikompak,,1,0,9,0.000747,0,0,0,0,0.000316
oodhi_tah,,1,0,9,0.000747,0,0,0,0,0.000316
gentayangan007,,1,2,9,0.000747,1,1,1,0.333333,0.000316
andiamru_,,1,0,9,0.000747,0,0,0,0,0.000316
relawannusanta1,,3,12,0,0.002298,4,0.520833,0.676667,67.833333,0.000483
iron_steel12,,4,4,2,0.00299,1,1,1,10.333333,0.000503
bpkri,,6,0,0,0.004883,0,0,0,0,0.000614
walisiregar,,0,3,4,0,1,1,1,0,0.0003
sarwonobs,,0,3,35,0,1,1,1,0,0.0003
wongkitogalo197,,1,0,35,0.000747,0,0,0,0,0.000385
bang_jiban,,0,4,0,0,1,1,1,0,0.0003
aniespresiden,,1,0,0,0.000747,0,0,0,0,0.000364
nazaqistsha,,2,0,11,0.001611,0,0,0,0,0.000391
youddien,,1,5,11,0.000806,2,0.692308,0.777778,0,0.000334
dharmayd1,,0,1,13,0,1,1,1,0,0.0003
ferryjw1,,0,1,4,0,1,1,1,0,0.0003
mpraldo,,1,0,13,0.000862,0,0,0,0,0.000313
fadlizon,,1,0,13,0.000862,0,0,0,0,0.000313
panca66,,1,0,13,0.000862,0,0,0,0,0.000313
krmtroysuryo2,,1,0,13,0.000862,0,0,0,0,0.000313
lisaamartatara4,,1,0,13,0.000862,0,0,0,0,0.000313
wsupras,,0,1,13,0,1,1,1,0,0.0003
gerinisk2,,0,2,1,0,1,1,1,0,0.0003
bpkpgoid,,2,0,13,0.001669,0,0,0,0,0.000358
trieva051,,1,6,13,0.000862,3,0.486111,0.547619,0,0.000313
geiszchalifah,,3,0,13,0.002356,0,0,0,0,0.000427
rockygerung_rg,,2,0,13,0.001609,0,0,0,0,0.000342
alisyarief,,2,0,13,0.001609,0,0,0,0,0.000342
bachrum_achmadi,,2,0,13,0.001609,0,0,0,0,0.000328
ekowboy2,,4,0,13,0.00337,0,0,0,0,0.000743
knpiharis,,2,0,13,0.001665,0,0,0,0,0.000357
alimsyah__75,,0,3,4,0,1,1,1,0,0.0003
novypras,,0,3,13,0,1,1,1,0,0.0003
ayudhini5,,1,0,13,0.000747,0,0,0,0,0.000385
sirqieee,,0,4,20,0,4,0.407407,0.496212,0,0.0003
wonkyto_gallo,,1,7,20,0.000747,3,0.552632,0.642857,15,0.000364
la_mangure,,0,2,1,0,1,1,1,0,0.0003
abu_waras,,7,0,20,0.006222,0,0,0,0,0.000807
rusydi_alwysyah,,0,3,4,0,1,1,1,0,0.0003
supriyanto_ra,,0,1,0,0,1,1,1,0,0.0003
louis_chantika,,1,2,1,0.000747,1,1,1,0,0.000385
mdyn1234567,,0,3,1,0,1,1,1,0,0.0003
sendysuwanto,,0,2,4,0,1,1,1,0,0.0003
em_sofyan67,,0,3,0,0,1,1,1,0,0.0003
emklpriok,,0,1,0,0,1,1,1,0,0.0003
sigit_kiss,,0,2,1,0,1,1,1,0,0.0003
kingcabbage12,,0,2,1,0,1,1,1,0,0.0003
perambah_waktu,,1,2,0,0.000747,1,1,1,1,0.000428
lolit_lol1ta,,3,0,0,0.002358,0,0,0,0,0.000581
ayyubhebat,,0,2,0,0,2,0.75,0.833333,0,0.0003
alfridharyadi,,0,2,1,0,1,1,1,0,0.0003
djamiedjanuare1,,0,3,9,0,1,1,1,0,0.0003
camartiga,,0,3,13,0,1,1,1,0,0.0003
eepelpian,,0,2,1,0,1,1,1,0,0.0003
sudarno_silaban,,0,2,1,0,1,1,1,0,0.0003
ricoumara,,0,3,0,0,1,1,1,0,0.0003
bardoel2,,0,3,11,0,1,1,1,0,0.0003
kangjhun_galis,,0,3,5,0,1,1,1,0,0.0003
herardy,,0,1,0,0,1,1,1,0,0.0003
paparafie,,0,4,13,0,1,1,1,0,0.0003
galuh_bambang,,1,0,13,0.000747,0,0,0,0,0.000364
susy_hrpuspita,,1,0,13,0.000747,0,0,0,0,0.000364
hotdinalsitang1,,0,2,0,0,1,1,1,0,0.0003
roadvoucher,,0,1,0,0,1,1,1,0,0.0003
duckbusterr,,0,2,0,0,1,1,1,0,0.0003
adra_silent,,2,2,0,0.001611,1,1,1,0,0.000428
rahman77taufik,,0,1,0,0,1,1,1,0,0.0003
halulejah,,0,2,0,0,1,1,1,0,0.0003
enokfitri99,,0,1,0,0,1,1,1,0,0.0003
tengkusyafriz11,,0,1,0,0,1,1,1,0,0.0003
erikoto66,,0,2,1,0,1,1,1,0,0.0003
feerzylant,,0,2,1,0,1,1,1,0,0.0003
amir13929659,,0,3,13,0,1,1,1,0,0.0003
setiawan__92,,0,1,0,0,1,1,1,0,0.0003
beni332211,,0,1,4,0,1,1,1,0,0.0003
putrodjoyo,,1,2,0,0.000747,1,1,1,0,0.000364
hairifadli,,0,4,0,0,1,1,1,0,0.0003
torojowo,,0,2,1,0,1,1,1,0,0.0003
uncukoto1,,0,3,4,0,1,1,1,0,0.0003
navygaming9,,0,4,0,0,2,0.833333,0.9,0,0.0003
eddy_eedkit,,0,3,11,0,1,1,1,0,0.0003
sudadmono,,0,2,17,0,2,0.75,0.833333,0,0.0003
ferdinandhutah5,,33,2,17,0.027355,1,1,1,3,0.003851
palupi02502474,,0,2,6,0,1,1,1,0,0.0003
senowerkudoro4,,1,9,13,0.001153,1,1,1,35,0.000461
garnies_id,,1,0,13,0.000818,0,0,0,0,0.000344
aniediudo,,1,0,13,0.000818,0,0,0,0,0.000344
mfikrikrnwn,,0,1,0,0,1,1,1,0,0.0003
abanktho2,,0,3,0,0,1,1,1,0,0.0003
kba_news,,2,0,13,0.001971,0,0,0,0,0.000504
pabrikmadu,,0,3,11,0,1,1,1,0,0.0003
adam24877013,,0,2,1,0,1,1,1,0,0.0003
endas505,,0,3,4,0,1,1,1,0,0.0003
anfieldbreath,,0,3,10,0,1,1,1,0,0.0003
darmantahu,,1,0,10,0.000747,0,0,0,0,0.000385
samsudin1067,,0,3,13,0,1,1,1,0,0.0003
sandjojos,,1,0,13,0.000747,0,0,0,0,0.000385
hamdanzoelva,,3,0,13,0.002358,0,0,0,0,0.000496
yatch_as,,0,3,11,0,1,1,1,0,0.0003
iskandar_samida,,0,3,0,0,1,1,1,0,0.0003
dharma_diani,,0,1,0,0,1,1,1,0,0.0003
mucharordjalil,,0,1,0,0,1,1,1,0,0.0003
fahriza16297408,,0,1,0,0,1,1,1,0,0.0003
anton_1158anton,,0,3,4,0,1,1,1,0,0.0003
tahucampur58,,2,2,0,0.001551,1,1,1,2,0.000406
ddaewokas,,0,3,0,0,5,0.369048,0.447312,0,0.0003
gory00729192,,0,3,11,0,1,1,1,0,0.0003
ulistyoulist,,0,3,4,0,1,1,1,0,0.0003
karto86768493,,0,3,4,0,1,1,1,0,0.0003
noorkadi2,,0,1,0,0,1,1,1,0,0.0003
deristankian,,0,1,0,0,1,1,1,0,0.0003
eksanuri1,,0,3,4,0,1,1,1,0,0.0003
binamargajaksel,,1,1,45,0.000806,0,0,0,0,0.0003
gossyepattikawa,,0,3,0,0,1,1,1,0,0.0003
sswidya22,,0,1,0,0,1,1,1,0,0.0003
awituchuz,,1,3,46,0.000806,1,1,1,0,0.000419
mayaa62580468,,2,0,46,0.001611,0,0,0,0,0.000538
verraagustian_,,1,3,46,0.000806,1,1,1,0,0.000419
muadz38588306,,0,3,11,0,1,1,1,0,0.0003
raya50211035,,0,2,0,0,1,1,1,0,0.0003
shadecs,,1,5,22,0.000862,1,1,1,0,0.000377
devanavedraza,,2,0,22,0.001669,0,0,0,0,0.000441
kasuk12kp,,2,5,22,0.001555,1,1,1,3,0.000449
xiaominote48,,2,0,22,0.001669,0,0,0,0,0.000441
robiwaldi,,0,2,4,0,1,1,1,0,0.0003
hajiimron13,,0,2,1,0,1,1,1,0,0.0003
yradianto,,0,1,4,0,1,1,1,0,0.0003
akadinisetyawan,,0,1,0,0,1,1,1,0,0.0003
up_pray,,0,8,2,0,1,1,1,0,0.0003
herrysuryya,,5,7,2,0.004678,1,1,1,0,0.000573
enkaeriharmat,,5,7,2,0.004678,1,1,1,0,0.000573
jokotol7,,5,7,2,0.004678,1,1,1,0,0.000573
ayuastr21700264,,6,0,2,0.005739,0,0,0,0,0.000643
toejoe48827068,,5,7,2,0.004678,1,1,1,0,0.000573
arafanstock,,0,2,1,0,1,1,1,0,0.0003
srzl_pratama,,0,1,0,0,1,1,1,0,0.0003
haryohary,,0,3,4,0,1,1,1,0,0.0003
benz64hadi,,0,3,4,0,1,1,1,0,0.0003
alwie191,,0,3,20,0,3,0.52381,0.606061,0,0.0003
adnan02540950,,0,2,1,0,1,1,1,0,0.0003
tawali9999,,0,2,0,0,2,0.666667,0.75,0,0.0003
agustrih13,,0,1,0,0,1,1,1,0,0.0003
saefudi76926229,,0,2,5,0,1,1,1,0,0.0003
sururi212,,0,6,4,0,1,1,1,0,0.0003
falgozie,,1,0,4,0.000747,0,0,0,0,0.000343
muwafi1muwafiq,,1,0,4,0.000747,0,0,0,0,0.000343
menyon66,,1,0,4,0.000747,0,0,0,0,0.000343
arifsaepul85,,0,2,20,0,2,0.6,0.666667,0,0.0003
mamiqalea,,0,3,4,0,1,1,1,0,0.0003
ds_martakusumah,,0,2,0,0,2,0.666667,0.75,0,0.0003
mriyusekali,,0,3,11,0,1,1,1,0,0.0003
alghazaligusni,,0,3,4,0,1,1,1,0,0.0003
nongkosongo,,0,2,0,0,2,0.625,0.7,0,0.0003
fajaronline,,1,1,47,0.000806,0,0,0,0,0.0003
fajaralam9,,0,7,13,0,3,0.488372,0.603175,0,0.0003
a0927277163,,2,4,20,0.001495,2,0.666667,0.75,11,0.000401
dy04343703,,0,4,0,0,1,1,1,0,0.0003
alves_ag88,,1,0,0,0.000747,0,0,0,0,0.000364
slameta66292572,,0,3,4,0,1,1,1,0,0.0003
ojo_mikir,,0,1,0,0,1,1,1,0,0.0003
viaduniamaya,,0,4,0,0,1,1,1,0,0.0003
satria7108,,1,0,0,0.000747,0,0,0,0,0.000364
ranikancana__,,6,0,0,0.004711,0,0,0,0,0.000746
hari_ws,,0,3,10,0,1,1,1,0,0.0003
tabascopepsauce,,1,0,10,0.000747,0,0,0,0,0.000385
oecoefhdyt,,0,3,4,0,1,1,1,0,0.0003
nusatenggarab,,2,0,20,0.001607,0,0,0,0,0.000449
teguhsudarisman,,0,4,20,0,3,0.5,0.648148,0,0.0003
jsasegaf,,0,3,11,0,1,1,1,0,0.0003
heriyantoquin,,0,2,1,0,1,1,1,0,0.0003
buayaubanan,,1,8,9,0.000929,3,0.55102,0.62963,0,0.000315
ilhamjati4,,3,0,9,0.002667,0,0,0,0,0.000373
jayanegara_5555,,3,23,9,0.002611,2,0.870968,0.925926,45,0.000391
edykiantolol,,3,0,9,0.002667,0,0,0,0,0.000373
joulepakir,,4,0,9,0.00354,0,0,0,0,0.000405
kanjeng2022,,6,0,9,0.005209,0,0,0,0,0.000469
dharulfit,,4,0,9,0.00354,0,0,0,0,0.000405
gaussada,,1,0,9,0.000929,0,0,0,0,0.000315
bubut871,,1,0,9,0.000929,0,0,0,0,0.000315
k,,1,0,9,0.000929,0,0,0,0,0.000315
darmamaskur,,0,3,4,0,1,1,1,0,0.0003
sunggu66,,0,2,10,0,1,1,1,0,0.0003
ambodalle,,0,2,1,0,1,1,1,0,0.0003
nataprajasule,,0,3,4,0,1,1,1,0,0.0003
muhamma23878131,,0,1,0,0,1,1,1,0,0.0003
cbr26779116,,0,3,4,0,1,1,1,0,0.0003
ebhoy11,,0,3,4,0,1,1,1,0,0.0003
soebagyosaja,,0,1,0,0,1,1,1,0,0.0003
ruskandar,,0,3,4,0,1,1,1,0,0.0003
pambudhi_mn,,0,1,0,0,1,1,1,0,0.0003
real_adhidompu,,0,2,13,0,1,1,1,0,0.0003
tri_wibowo76,,0,2,1,0,1,1,1,0,0.0003
fajarsumantri,,0,2,48,0,1,1,1,0,0.0003
nephilaxmus,,1,0,48,0.000747,0,0,0,0,0.000428
fisabilillah_td,,0,3,22,0,2,0.666667,0.75,0,0.0003
suriansyahkoro2,,0,3,4,0,1,1,1,0,0.0003
farid22476331,,0,2,1,0,1,1,1,0,0.0003
ochi_queen09_2,,1,2,0,0.000808,2,0.625,0.7,0,0.000348
daengmarowa,,1,6,0,0.000864,2,0.8,0.875,21,0.000334
thelast007,,2,0,0,0.0019,0,0,0,0,0.000528
wahyudiprojo,,0,2,10,0,1,1,1,0,0.0003
jakmasseur,,0,1,0,0,1,1,1,0,0.0003
gentharo,,0,3,4,0,1,1,1,0,0.0003
veva_nova,,0,1,0,0,1,1,1,0,0.0003
bbin35,,0,3,4,0,1,1,1,0,0.0003
anata_kesuma,,0,3,4,0,1,1,1,0,0.0003
hendraalvareza,,0,3,4,0,1,1,1,0,0.0003
mucht4r64,,0,1,4,0,1,1,1,0,0.0003
aremania_ofc,,1,0,41,0.000803,0,0,0,0,0.0004
p24_setyo,,1,0,41,0.000803,0,0,0,0,0.0004
rdicks10,,0,2,1,0,1,1,1,0,0.0003
ricosiswandi,,0,4,0,0,1,1,1,0,0.0003
todak_ipank,,0,2,1,0,1,1,1,0,0.0003
2224767195f24c1,,0,1,13,0,1,1,1,0,0.0003
dewiwul41575956,,0,1,0,0,1,1,1,0,0.0003
ibbellanjrah,,0,2,15,0,1,1,1,0,0.0003
kataanies,,1,0,15,0.000747,0,0,0,0,0.000428
aswandiputra,,0,6,13,0,1,1,1,0,0.0003
pramanalistyo,,1,0,13,0.000747,0,0,0,0,0.000343
moris_4ll,,0,3,4,0,1,1,1,0,0.0003
wongmlaku,,0,3,4,0,1,1,1,0,0.0003
bryokaceh,,0,3,13,0,1,1,1,0,0.0003
arunsyam09,,1,0,13,0.000747,0,0,0,0,0.000385
bravo7707831106,,0,3,4,0,1,1,1,0,0.0003
yugaoscar,,0,3,11,0,1,1,1,0,0.0003
becakdorong23,,2,3,2,0.001551,1,1,1,0,0.000426
iblis5rizieq,,1,4,2,0.000747,1,1,1,0,0.000351
rubbersouli,,0,5,2,0,1,1,1,0,0.0003
ilman61249693,,0,2,0,0,1,1,1,0,0.0003
sanglangit01,,2,1,0,0.001495,1,1,1,0,0.000556
slametpurwanton,,0,3,4,0,1,1,1,0,0.0003
sopanedan,,0,3,0,0,1,1,1,0,0.0003
lebhor83,,0,2,17,0,1,1,1,0,0.0003
one_zhaq77,,0,2,1,0,1,1,1,0,0.0003
budidsas,,0,1,0,0,1,1,1,0,0.0003
shirot25197289,,0,3,11,0,1,1,1,0,0.0003
cuitamran,,0,4,13,0,1,1,1,0,0.0003
rudisetiadi72,,1,0,13,0.000747,0,0,0,0,0.000364
akuterpesona8,,1,0,13,0.000747,0,0,0,0,0.000364
nie82588283,,0,4,0,0,2,0.7,0.785714,0,0.0003
budiarmanlxx7,,0,2,6,0,1,1,1,0,0.0003
abdulra55101674,,0,2,0,0,1,1,1,0,0.0003
sfachri,,0,2,13,0,1,1,1,0,0.0003
asepkosasih78,,0,3,4,0,1,1,1,0,0.0003
melodycocot,,0,2,1,0,1,1,1,0,0.0003
bejoaja93664427,,0,1,13,0,1,1,1,0,0.0003
cupangbos,,0,1,0,0,1,1,1,0,0.0003
visi_nusa,,1,10,17,0.000862,2,0.8125,0.884615,4,0.000336
dennysir,,1,0,17,0.000808,0,0,0,0,0.000329
gunromli,,1,0,17,0.000808,0,0,0,0,0.000329
eedo_realman,,1,2,0,0.000806,1,1,1,2,0.000343
ronalsihotang78,,1,3,20,0.000806,3,0.5625,0.648148,0,0.000343
tedjosumarno,,0,1,4,0,1,1,1,0,0.0003
bro_3dien,,0,4,39,0,1,1,1,0,0.0003
_pointbroo,,1,0,39,0.000747,0,0,0,0,0.000364
nenghelia,,0,1,0,0,1,1,1,0,0.0003
cuanberkah_,,0,3,21,0,1,1,1,0,0.0003
rizkiasihan,,0,2,0,0,1,1,1,0,0.0003
janneshutajulu,,0,4,0,0,1,1,1,0,0.0003
dididjunaedi5,,0,1,0,0,1,1,1,0,0.0003
ajimuhtar11,,0,1,1,0,1,1,1,0,0.0003
luna_bafagih,,0,3,4,0,1,1,1,0,0.0003
nkri_si,,0,1,4,0,1,1,1,0,0.0003
vikry_bionic,,0,1,0,0,1,1,1,0,0.0003
un7686111520,,0,2,1,0,1,1,1,0,0.0003
iyanheriyana2,,0,3,11,0,1,1,1,0,0.0003
k0ne9,,0,3,4,0,1,1,1,0,0.0003
ifyou_611,,0,3,4,0,1,1,1,0,0.0003
rrwt02,,0,2,1,0,1,1,1,0,0.0003
adudu7231,,0,1,0,0,1,1,1,0,0.0003
ochi_queen09_1,,4,1,0,0.003285,0,0,0,0,0.000667
orchid_46,,0,3,4,0,1,1,1,0,0.0003
ajigees,,0,2,10,0,1,1,1,0,0.0003
usmandaudsrgh,,0,1,0,0,1,1,1,0,0.0003
antoniuscdn,,0,4,15,0,3,0.555556,0.622222,0,0.0003
aniesbaswe,,7,0,15,0.006059,0,0,0,0,0.000917
paulus_willy,,7,9,15,0.006227,3,0.7,0.809524,108.5,0.001215
andhydats,,0,1,0,0,1,1,1,0,0.0003
sk76022398,,0,3,11,0,1,1,1,0,0.0003
kadrunbinpekok,,0,2,1,0,1,1,1,0,0.0003
arungdunia,,1,1,4,0.000747,1,1,1,0,0.000364
fpurwakarta,,0,4,4,0,1,1,1,0,0.0003
rudiantarawr,,0,5,2,0,2,0.727273,0.8125,0,0.0003
lsi_lembaga,,2,0,2,0.001495,0,0,0,0,0.000402
kpu_id,,2,0,2,0.001495,0,0,0,0,0.000402
madi13ar,,0,2,1,0,1,1,1,0,0.0003
ujangsukarja,,0,4,1,0,1,1,1,0,0.0003
karman_mustamin,,1,0,1,0.000747,0,0,0,0,0.000364
genesis7173,,1,0,1,0.000747,0,0,0,0,0.000364
tegar51541,,0,3,4,0,1,1,1,0,0.0003
heru_pu2111,,0,4,0,0,1,1,1,0,0.0003
ahmadya55898656,,0,3,11,0,1,1,1,0,0.0003
setkabgoid,,1,0,15,0.001176,0,0,0,0,0.000415
kemendagri,,1,0,15,0.001176,0,0,0,0,0.000415
prasetyoedi_,,1,0,15,0.001176,0,0,0,0,0.000415
jjrizal,,1,0,15,0.001176,0,0,0,0,0.000415
arfamofis,,0,1,0,0,1,1,1,0,0.0003
justikanew,,0,1,0,0,1,1,1,0,0.0003
jiwe3107,,0,1,4,0,1,1,1,0,0.0003
luciferindra,,0,2,4,0,1,1,1,0,0.0003
samsulhadihad15,,0,3,4,0,1,1,1,0,0.0003
guse43935882,,0,6,0,0,1,1,1,0,0.0003
hidupmati1kali,,0,1,0,0,1,1,1,0,0.0003
hansi_firdaus01,,0,4,1,0,1,1,1,0,0.0003
oo_rostaman,,0,6,0,0,1,1,1,0,0.0003
fithrianasda,,1,0,0,0.000747,0,0,0,0,0.000343
bambang20020901,,3,0,4,0.002242,0,0,0,0,0.000443
rauf693,,0,2,6,0,1,1,1,0,0.0003
empower78,,0,3,4,0,1,1,1,0,0.0003
whyd801,,0,2,13,0,1,1,1,0,0.0003
feriromadonp,,0,3,4,0,1,1,1,0,0.0003
laskarpeningit,,0,2,0,0,1,1,1,0,0.0003
romachandra77,,1,2,0,0.000747,1,1,1,0,0.000385
kurniawaneko,,0,3,0,0,1,1,1,0,0.0003
melani_sw,,0,2,11,0,1,1,1,0,0.0003
cakroy3,,0,2,24,0,1,1,1,0,0.0003
syafriz46229141,,0,1,49,0,1,1,1,0,0.0003
al4msyahputra,,1,0,49,0.000747,0,0,0,0,0.000556
fabian_shakti,,0,3,4,0,1,1,1,0,0.0003
ariesaenwan213,,0,4,17,0,2,0.75,0.833333,0,0.0003
jahsragi,,2,3,17,0.001667,2,0.714286,0.8,0,0.000471
enny_endah,,3,5,17,0.002361,1,1,1,8,0.000625
mlieur2,,0,3,11,0,1,1,1,0,0.0003
hmsk1263,,0,2,9,0,1,1,1,0,0.0003
iswandi1974,,0,3,11,0,1,1,1,0,0.0003
dwiasry,,0,5,0,0,1,1,1,0,0.0003
abidinm12,,1,0,0,0.000747,0,0,0,0,0.000351
sonaaja22,,1,3,1,0.000806,1,1,1,0,0.0003
__wantankri,,0,4,15,0,3,0.555556,0.622222,0,0.0003
hamud_fauzan,,0,3,4,0,1,1,1,0,0.0003
adechila,,0,1,0,0,1,1,1,0,0.0003
herie_kribo,,0,4,11,0,1,1,1,0,0.0003
cah_bagoezz77,,0,5,20,0,2,0.647059,0.727273,0,0.0003
virza1,,4,6,20,0.003964,2,0.714286,0.8,24,0.000658
winornos,,4,4,20,0.003964,2,0.625,0.7,0,0.000619
ndankzpriatna,,0,3,4,0,1,1,1,0,0.0003
dadook,,0,2,1,0,1,1,1,0,0.0003
muhamma70893310,,0,2,20,0,2,0.6,0.666667,0,0.0003
kakekharam,,0,2,1,0,1,1,1,0,0.0003
widodo2017,,0,2,9,0,1,1,1,0,0.0003
abdimurabi,,0,3,4,0,1,1,1,0,0.0003
neldadjamil,,0,5,11,0,1,1,1,0,0.0003
frizaliyah,,0,4,58,0,1,1,1,0,0.0003
zulkiflihasan_,,1,0,58,0.000747,0,0,0,0,0.000364
mahfudbechri,,1,0,58,0.000747,0,0,0,0,0.000364
kinyur,,1,0,58,0.000747,0,0,0,0,0.000364
giyanmocko,,2,0,58,0.001495,0,0,0,0,0.000396
ganibgspryg,,0,1,0,0,1,1,1,0,0.0003
khomsiku,,0,3,13,0,1,1,1,0,0.0003
robimeistro,,0,5,0,0,1,1,1,0,0.0003
lukito85900769,,1,0,0,0.000747,0,0,0,0,0.000351
zkif50,,0,2,0,0,3,0.571429,0.708333,0,0.0003
suyatnapp,,0,3,4,0,1,1,1,0,0.0003
andreas_adym,,0,6,0,0,1,1,1,0,0.0003
wahyuwi75719362,,0,5,10,0,1,1,1,0,0.0003
ridwa,,1,0,10,0.000747,0,0,0,0,0.000351
ganjar_pranowo,,1,0,10,0.000747,0,0,0,0,0.000351
dedesudrajat64,,1,0,10,0.000747,0,0,0,0,0.000351
icakb6,,0,2,1,0,1,1,1,0,0.0003
rfebry46,,0,1,0,0,1,1,1,0,0.0003
nasir77_nasir,,0,2,1,0,1,1,1,0,0.0003
hrbmntyo21,,0,3,4,0,1,1,1,0,0.0003
iskandarzzaa,,0,1,0,0,1,1,1,0,0.0003
ilyasha_agung,,0,1,0,0,1,1,1,0,0.0003
eko_juandri,,0,1,0,0,1,1,1,0,0.0003
mbankjul,,0,3,0,0,1,1,1,0,0.0003
riyadi1007,,0,1,0,0,1,1,1,0,0.0003
albertoaqualero,,1,4,0,0.000864,4,0.5,0.657407,0,0.000363
firman03092395d,,2,6,0,0.001615,3,0.692308,0.814815,9,0.000439
ceritanyapanja1,,0,2,0,0,1,1,1,0,0.0003
abdulmu21543093,,0,3,11,0,1,1,1,0,0.0003
sopiadewi6,,1,5,1,0.000806,1,1,1,2,0.000405
dvctoz,,1,0,1,0.000806,0,0,0,0,0.000369
nogosariiii,,1,0,1,0.000806,0,0,0,0,0.000369
wearecains,,1,3,1,0.000806,2,0.714286,0.8,0,0.000369
emipratama8,,0,2,0,0,2,0.75,0.833333,0,0.0003
eminemsenemies,,0,1,0,0,1,1,1,0,0.0003
parwis_juara,,0,3,4,0,1,1,1,0,0.0003
tembakaumerah,,0,2,5,0,1,1,1,0,0.0003
obbyajah1,,0,4,4,0,1,1,1,0,0.0003
3andalas,,0,2,0,0,3,0.4,0.453704,0,0.0003
dedimahardi,,1,5,10,0.000806,5,0.465116,0.5725,2,0.000324
32_firqin,,0,1,0,0,1,1,1,0,0.0003
umaryas65067690,,0,3,0,0,1,1,1,0,0.0003
jelata02,,0,1,0,0,1,1,1,0,0.0003
aden86139325,,0,3,4,0,1,1,1,0,0.0003
banggodham,,0,2,0,0,3,0.4,0.453704,0,0.0003
ujangrosid13,,0,2,5,0,1,1,1,0,0.0003
peniti_meniti,,0,2,0,0,2,0.75,0.833333,0,0.0003
estersusiani2,,0,2,0,0,1,1,1,0,0.0003
jams781,,0,3,4,0,1,1,1,0,0.0003
kaminik2003,,0,1,0,0,1,1,1,0,0.0003
nyawang_mbulan,,0,5,0,0,1,1,1,0,0.0003
rurisonatha,,0,2,1,0,1,1,1,0,0.0003
adrianto_wahjoe,,0,3,4,0,1,1,1,0,0.0003
bahribpp,,0,3,0,0,2,0.714286,0.8,0,0.0003
memorysongs2022,,2,3,0,0.001495,1,1,1,2,0.000428
taegongsiiil,,0,1,0,0,1,1,1,0,0.0003
agussaptono,,0,2,17,0,2,0.6,0.666667,0,0.0003
budiyon40139424,,0,3,4,0,1,1,1,0,0.0003
akhirrzaman78,,0,3,11,0,1,1,1,0,0.0003
yani03495310,,0,2,15,0,4,0.390244,0.453125,0,0.0003
esatria301,,0,1,0,0,1,1,1,0,0.0003
inspectorslamet,,0,3,4,0,1,1,1,0,0.0003
tarkot0174,,0,3,0,0,2,0.8,0.875,0,0.0003
tigadewamania,,2,2,10,0.001609,1,1,1,5,0.000459
indapurwoto,,0,3,10,0,3,0.583333,0.690476,0,0.0003
ridhorahadi,,0,2,0,0,3,0.4,0.453704,0,0.0003
hdn_rudy,,0,2,0,0,3,0.571429,0.708333,0,0.0003
narkoju1,,0,3,5,0,1,1,1,0,0.0003
amoh_amad,,0,1,0,0,1,1,1,0,0.0003
medyudhapradja,,0,2,17,0,1,1,1,0,0.0003
enachasa,,0,3,4,0,1,1,1,0,0.0003
watchpms,,0,2,0,0,1,1,1,0,0.0003
_ryuuma,,0,1,0,0,1,1,1,0,0.0003
keddeva11,,0,1,4,0,1,1,1,0,0.0003
jarwo99661180,,0,3,0,0,1,1,1,0,0.0003
mbah_pujonggo,,4,2,0,0.00316,1,1,1,0,0.000547
mulatt3,,0,2,0,0,1,1,1,0,0.0003
tugeun,,0,1,0,0,1,1,1,0,0.0003
sheeren80972567,,0,3,4,0,1,1,1,0,0.0003
acakoca1,,0,3,11,0,1,1,1,0,0.0003
diangara,,0,1,33,0,1,1,1,0,0.0003
sriredjeki2,,0,3,0,0,1,1,1,0,0.0003
bundayai_,,0,1,0,0,1,1,1,0,0.0003
rachmantofaisal,,0,3,4,0,1,1,1,0,0.0003
enerz,,0,2,0,0,1,1,1,0,0.0003
hettymunir,,0,3,24,0,1,1,1,0,0.0003
sabya1141,,1,0,24,0.000747,0,0,0,0,0.000385
alzara22,,0,1,0,0,1,1,1,0,0.0003
msugiharto10,,0,2,50,0,1,1,1,0,0.0003
partburunggalak,,1,0,50,0.000747,0,0,0,0,0.000428
ardi_1369,,0,3,0,0,1,1,1,0,0.0003
evie59998954,,0,4,15,0,3,0.555556,0.622222,0,0.0003
syahkola1,,0,3,0,0,1,1,1,0,0.0003
evaelly6,,0,1,17,0,1,1,1,0,0.0003
ariefmantoi,,0,1,0,0,1,1,1,0,0.0003
gedhanggg,,0,6,0,0,1,1,1,0,0.0003
sangpisanggg1,,1,0,0,0.000747,0,0,0,0,0.000343
sisasisacinta,,0,1,0,0,1,1,1,0,0.0003
bule_dicky,,0,1,4,0,1,1,1,0,0.0003
dangesbae,,0,1,0,0,1,1,1,0,0.0003
rachmath37,,0,3,4,0,1,1,1,0,0.0003
abuhani37082299,,0,1,13,0,1,1,1,0,0.0003
putragnkidul1,,0,3,4,0,1,1,1,0,0.0003
bejokdi,,1,5,10,0.000806,4,0.538462,0.64881,1,0.000334
heurazb,,1,0,10,0.000806,0,0,0,0,0.000357
ann_annierid,,0,1,0,0,1,1,1,0,0.0003
pembasmirasis,,2,9,9,0.001858,3,0.5625,0.648148,0,0.00034
gilar1990,,3,0,9,0.00273,0,0,0,0,0.000372
sahabatguru165,,3,0,9,0.00273,0,0,0,0,0.000372
wzastra,,3,0,9,0.00273,0,0,0,0,0.000372
mpok_geenon9,,3,0,9,0.00273,0,0,0,0,0.000372
bung_yad,,0,2,0,0,1,1,1,0,0.0003
deemapala,,0,5,21,0,1,1,1,0,0.0003
fullmoonfolks,,1,0,21,0.000747,0,0,0,0,0.000351
tvonenews,,1,0,21,0.000747,0,0,0,0,0.000351
achrafhakimi,,1,0,21,0.000747,0,0,0,0,0.000351
idextratime,,1,0,21,0.000747,0,0,0,0,0.000351
videl58530077,,0,1,13,0,1,1,1,0,0.0003
faridz_gagah,,1,13,10,0.000806,4,0.666667,0.804167,15,0.000355
marahichsan,,1,0,10,0.000806,0,0,0,0,0.000324
dominbin,,1,0,10,0.000806,0,0,0,0,0.000324
ghurem2,,1,0,10,0.000806,0,0,0,0,0.000324
mujalba,,1,0,10,0.000806,0,0,0,0,0.000324
bibodah1,,1,0,10,0.000806,0,0,0,0,0.000324
henrynico_p,,1,0,10,0.000806,0,0,0,0,0.000324
laskar_negara,,1,0,10,0.000806,0,0,0,0,0.000324
fulkan0703,,1,3,10,0.000806,1,1,1,2,0.000324
dian_safitri_id,,3,3,10,0.002417,3,0.625,0.766667,16,0.000414
romiarya82,,0,1,0,0,1,1,1,0,0.0003
netvaks,,2,3,59,0.001555,1,1,1,1,0.000512
violayel,,1,3,59,0.000862,1,1,1,0,0.000445
wef,,3,0,59,0.002417,0,0,0,0,0.000657
deddyday14,,1,5,0,0.0015,3,0.53125,0.617647,13,0.00058
hulk_selluhijau,,1,0,0,0.000831,0,0,0,0,0.000399
jiraq,,0,2,9,0,1,1,1,0,0.0003
kzaldi1,,0,2,6,0,1,1,1,0,0.0003
triyanto479,,0,3,4,0,1,1,1,0,0.0003
masherpova,,0,3,11,0,1,1,1,0,0.0003
nengmay007,,0,2,1,0,1,1,1,0,0.0003
rossypauzi,,0,1,0,0,1,1,1,0,0.0003
alayberisik,,0,1,0,0,1,1,1,0,0.0003
abi_hasna,,0,1,0,0,1,1,1,0,0.0003
adirzal1,,0,2,1,0,1,1,1,0,0.0003
dawanputu,,0,4,0,0,2,0.75,0.833333,0,0.0003
crushhopeless1,,0,3,4,0,1,1,1,0,0.0003
teguh3705,,0,4,11,0,1,1,1,0,0.0003
zenaliyus,,0,1,0,0,1,1,1,0,0.0003
ridwan_saleh,,0,2,1,0,1,1,1,0,0.0003
01negeriku,,0,3,5,0,1,1,1,0,0.0003
mulyatinsuryo,,0,2,24,0,1,1,1,0,0.0003
uje_pilianggo,,0,2,0,0,2,0.666667,0.75,0,0.0003
parewalagi,,6,4,0,0.005012,1,1,1,11,0.000713
hariantosulaim2,,0,2,13,0,1,1,1,0,0.0003
berlin220,,0,3,0,0,1,1,1,0,0.0003
nixon_fs,,1,2,0,0.000747,1,1,1,0,0.000385
oyrusone,,0,3,10,0,1,1,1,0,0.0003
tumim_urim,,3,2,10,0.0023,1,1,1,0,0.000504
indramulya78,,0,3,0,0,3,0.413043,0.482456,0,0.0003
junaidiesaad,,0,3,4,0,1,1,1,0,0.0003
liffitrindewor,,0,1,0,0,1,1,1,0,0.0003
d2s239,,0,1,0,0,1,1,1,0,0.0003
abidinznl,,0,2,0,0,1,1,1,0,0.0003
teuingbro,,0,1,0,0,1,1,1,0,0.0003
museblg,,0,5,20,0,2,0.692308,0.777778,0,0.0003
titokarnavian_,,1,0,20,0.000747,0,0,0,0,0.000351
theeagle_ben,,1,0,20,0.000747,0,0,0,0,0.000351
khojan7,,3,4,20,0.003952,2,0.833333,0.9,4,0.00093
cakbas30814072,,1,3,20,0.000747,1,1,1,0,0.000364
sudrajatasep17,,0,4,20,0,1,1,1,0,0.0003
irmadlukman,,0,2,6,0,1,1,1,0,0.0003
rakaandreas10,,0,3,11,0,1,1,1,0,0.0003
sayidab35851140,,0,3,4,0,1,1,1,0,0.0003
rachmatbawono,,0,2,24,0,1,1,1,0,0.0003
andrewh20426149,,0,3,11,0,1,1,1,0,0.0003
rinachaniago13,,0,1,0,0,1,1,1,0,0.0003
yundasari,,0,1,1,0,1,1,1,0,0.0003
elonmiskin,,0,4,13,0,1,1,1,0,0.0003
antonsujarno25,,0,3,21,0,1,1,1,0,0.0003
kemenpora_ri,,1,0,21,0.000747,0,0,0,0,0.000385
o7odumeh,,0,2,1,0,1,1,1,0,0.0003
yunandes2512,,0,1,13,0,1,1,1,0,0.0003
moko_putri,,0,4,11,0,1,1,1,0,0.0003
yusuf71869615,,0,1,0,0,1,1,1,0,0.0003
phudin1,,0,2,1,0,1,1,1,0,0.0003
bulenesiaaa,,0,1,0,0,1,1,1,0,0.0003
hirunnei,,0,1,0,0,1,1,1,0,0.0003
bacotga09076263,,0,1,13,0,1,1,1,0,0.0003
rendroko,,0,1,0,0,1,1,1,0,0.0003
asepcanden3,,0,3,4,0,1,1,1,0,0.0003
haririanto2,,0,2,20,0,2,0.6,0.666667,0,0.0003
mas_muji967,,0,2,1,0,1,1,1,0,0.0003
mrbllgt01,,0,4,0,0,1,1,1,0,0.0003
zie_nesta,,0,5,20,0,2,0.692308,0.777778,0,0.0003
_valino15,,1,0,20,0.000747,0,0,0,0,0.000351
anaksemut4,,3,0,20,0.002242,0,0,0,0,0.000479
thoy1b1,,0,2,1,0,1,1,1,0,0.0003
syzelli,,0,3,0,0,1,1,1,0,0.0003
deditelaumbanu4,,1,0,10,0.000806,0,0,0,0,0.000392
amirdwi13,,0,2,0,0,1,1,1,0,0.0003
mnc_mancunian,,0,1,0,0,1,1,1,0,0.0003
andhiepur,,0,2,10,0,1,1,1,0,0.0003
m0nasuniversity,,0,2,22,0,1,1,1,0,0.0003
r4uf_85,,0,1,0,0,1,1,1,0,0.0003
riksafriansyah,,0,1,0,0,1,1,1,0,0.0003
mulyono379,,0,3,4,0,1,1,1,0,0.0003
pandusatria_32,,1,3,1,0.000806,1,1,1,0,0.000419
mas_soem,,1,3,1,0.000806,1,1,1,0,0.000419
murtadin92,,1,3,0,0.000747,1,1,1,0,0.000315
nur7379,,2,0,0,0.001551,0,0,0,0,0.000405
gr4sssss,,0,17,0,0,3,0.666667,0.801282,0,0.0003
udinbagol81,,1,0,0,0.000747,0,0,0,0,0.000315
fuddin_al,,0,1,0,0,1,1,1,0,0.0003
masbrodarmono,,0,3,4,0,1,1,1,0,0.0003
upasritonga2,,0,2,10,0,1,1,1,0,0.0003
yanurdisah,,0,3,0,0,1,1,1,0,0.0003
atemh2022,,0,2,0,0,1,1,1,0,0.0003
bramtea17,,0,1,0,0,1,1,1,0,0.0003
aguskode,,0,3,0,0,1,1,1,0,0.0003
tledenk,,1,1,4,0.000747,1,1,1,0,0.000364
abercio_wiwoho,,0,4,4,0,1,1,1,0,0.0003
tutnice,,1,0,0,0.001055,0,0,0,0,0.000508
kipanyadap,,1,4,0,0.000747,1,1,1,2,0.000385
febriantozm,,0,3,0,0,2,0.714286,0.8,0,0.0003
tehbatam,,0,1,0,0,1,1,1,0,0.0003
gadingkelapa2,,0,3,2,0,2,0.666667,0.75,0,0.0003
mujahidahcyebe2,,1,0,0,0.001103,0,0,0,0,0.000452
doni_andalas,,0,3,0,0,2,0.714286,0.8,0,0.0003
nedisetiadi,,3,0,0,0.002298,0,0,0,0,0.000552
naga19803,,0,3,11,0,1,1,1,0,0.0003
atoxmorrison,,2,1,15,0.002372,0,0,0,0,0.000545
edi_muchlis,,0,3,20,0,2,0.666667,0.75,0,0.0003
alfikriezi,,0,1,0,0,1,1,1,0,0.0003
suhidman1980,,0,2,0,0,2,0.625,0.7,0,0.0003
nurchan93995658,,0,8,2,0,1,1,1,0,0.0003
gustimberkahi,,0,4,15,0,3,0.555556,0.622222,0,0.0003
hanifah_hasan1,,0,1,0,0,1,1,1,0,0.0003
dhaefi_achmad,,0,1,0,0,1,1,1,0,0.0003
dadang_gonjes,,0,1,0,0,1,1,1,0,0.0003
tstsp71,,0,1,0,0,1,1,1,0,0.0003
811_dens,,0,3,0,0,1,1,1,0,0.0003
alhamdulillahm7,,0,1,0,0,1,1,1,0,0.0003
bedjo451,,1,3,0,0.000747,2,0.714286,0.8,0,0.000364
ronaldtanjuang,,0,4,0,0,2,0.75,0.833333,0,0.0003
bosstoukeeisa,,0,3,13,0,1,1,1,0,0.0003
endanghidayat,,0,1,0,0,1,1,1,0,0.0003
raspeero1,,0,2,13,0,1,1,1,0,0.0003
santeajas,,0,3,10,0,1,1,1,0,0.0003
umam_chaerul,,0,5,20,0,1,1,1,0,0.0003
a,,2,0,20,0.001495,0,0,0,0,0.000415
julian51758164,,2,0,20,0.001495,0,0,0,0,0.000415
kemurahantuhan,,0,4,0,0,1,1,1,0,0.0003
azulzulian4,,0,1,0,0,1,1,1,0,0.0003
tandui72,,0,5,0,0,2,0.857143,0.916667,0,0.0003
dodisuto,,0,3,20,0,1,1,1,0,0.0003
detikcom,,2,0,20,0.001495,0,0,0,0,0.000513
axkasa,,0,3,9,0,4,0.404762,0.485294,0,0.0003
manuelmwg,,0,2,1,0,1,1,1,0,0.0003
killajatu,,0,1,0,0,1,1,1,0,0.0003
gembel68,,0,4,0,0,1,1,1,0,0.0003
dartiedartie1,,0,9,10,0,1,1,1,0,0.0003
khofifahip,,1,0,10,0.000747,0,0,0,0,0.000329
cakiminow,,1,0,10,0.000747,0,0,0,0,0.000329
wilarmono,,0,4,0,0,1,1,1,0,0.0003
latief_alvaro,,0,3,4,0,1,1,1,0,0.0003
bambangwidian17,,0,5,11,0,1,1,1,0,0.0003
n4dini,,0,1,0,0,1,1,1,0,0.0003
azerlevifah,,0,3,4,0,1,1,1,0,0.0003
dinditdondot,,0,3,4,0,1,1,1,0,0.0003
ardi_if,,0,1,4,0,1,1,1,0,0.0003
yusufmalikul,,1,4,0,0.000806,2,0.7,0.785714,0,0.000381
nevertheless_d1,,2,0,0,0.001611,0,0,0,0,0.000462
arytgunadi,,1,4,0,0.000806,2,0.7,0.785714,0,0.000381
dinassdajakarta,,0,3,15,0,1,1,1,0,0.0003
sp_sp27,,0,2,13,0,1,1,1,0,0.0003
rizal_baba,,0,3,4,0,1,1,1,0,0.0003
sapardiadis,,0,2,1,0,1,1,1,0,0.0003
pramuktiga,,0,2,20,0,2,0.6,0.666667,0,0.0003
zeevanyaaiden,,0,1,0,0,1,1,1,0,0.0003
mukzarihan,,0,2,1,0,1,1,1,0,0.0003
rizkir4madani,,1,5,0,0.000806,1,1,1,2,0.000405
boncusho,,1,3,0,0.000806,2,0.714286,0.8,0,0.000369
cvsarana,,0,6,11,0,1,1,1,0,0.0003
conan_idn,,1,0,11,0.000747,0,0,0,0,0.000343
pbusja,,0,3,13,0,1,1,1,0,0.0003
thidaya87101175,,0,2,0,0,1,1,1,0,0.0003
de_asfa,,0,5,0,0,2,0.692308,0.777778,0,0.0003
naollivia,,1,0,0,0.000747,0,0,0,0,0.000351
familyar2,,1,3,4,0.000747,1,1,1,0,0.000337
chep_ec,,0,7,4,0,1,1,1,0,0.0003
riefgun69,,0,3,4,0,1,1,1,0,0.0003
rudiherma87,,0,1,0,0,1,1,1,0,0.0003
ngesot_tuyul,,0,2,51,0,1,1,1,0,0.0003
poeamran,,1,0,51,0.000747,0,0,0,0,0.000428
y_aldrin,,0,2,1,0,1,1,1,0,0.0003
mrsasaky,,0,2,10,0,1,1,1,0,0.0003
dhessy_maharani,,0,4,0,0,2,0.75,0.833333,0,0.0003
mad_rudin,,0,2,52,0,1,1,1,0,0.0003
kompastv,,1,0,52,0.000747,0,0,0,0,0.000428
inodi200904,,0,2,0,0,1,1,1,0,0.0003
kmpanca23,,0,3,11,0,1,1,1,0,0.0003
ipung2667,,0,1,13,0,1,1,1,0,0.0003
suparma84271108,,0,1,1,0,1,1,1,0,0.0003
merahlarva,,1,4,15,0.000944,2,0.7,0.785714,0,0.00045
herfan0,,3,4,15,0.003038,2,0.7,0.785714,26,0.000704
hasilnyanol,,0,2,53,0,1,1,1,0,0.0003
indahku64617720,,1,0,53,0.000747,0,0,0,0,0.000428
newindesin,,0,2,1,0,1,1,1,0,0.0003
sikkam9,,0,3,4,0,1,1,1,0,0.0003
slamyhwa,,0,3,4,0,1,1,1,0,0.0003
m_nurmansyah07,,0,5,11,0,1,1,1,0,0.0003
kayanaduris,,0,2,17,0,1,1,1,0,0.0003
jack01599845,,0,2,17,0,1,1,1,0,0.0003
guehloh,,0,1,0,0,1,1,1,0,0.0003
fatfruit2,,0,1,0,0,1,1,1,0,0.0003
nongnayara,,2,11,0,0.001611,3,0.655172,0.77193,30,0.000433
shamsiali2,,1,0,0,0.000864,0,0,0,0,0.000334
dwinoviantoro1,,0,3,0,0,1,1,1,0,0.0003
chochuwong_id,,3,0,0,0.002531,0,0,0,0,0.000598
are_ampel77,,2,2,0,0.001665,1,1,1,0,0.00042
myrazra,,0,2,1,0,1,1,1,0,0.0003
murry_sutan,,0,6,20,0,1,1,1,0,0.0003
igit_0403,,0,2,17,0,1,1,1,0,0.0003
odehalik,,0,2,1,0,1,1,1,0,0.0003
imawaticeria,,0,3,4,0,1,1,1,0,0.0003
irmanaisyah,,0,2,1,0,1,1,1,0,0.0003
neo82793224,,0,1,0,0,1,1,1,0,0.0003
kom28173547,,0,3,4,0,1,1,1,0,0.0003
rmbantencom,,1,1,54,0.000806,0,0,0,0,0.0003
eko_priharyanto,,0,3,4,0,1,1,1,0,0.0003
rumonoelang,,0,2,17,0,1,1,1,0,0.0003
republikambyar,,0,3,0,0,1,1,1,0,0.0003
tedjawoeloeng,,0,2,0,0,2,0.625,0.7,0,0.0003
aminmuh51085771,,0,2,1,0,1,1,1,0,0.0003
madza57472638,,1,4,20,0.000806,2,0.7,0.785714,0,0.000381
dheniema,,1,4,20,0.000806,2,0.7,0.785714,0,0.000381
ahmadgalib15,,0,4,0,0,1,1,1,0,0.0003
abuamir48843079,,0,3,11,0,1,1,1,0,0.0003
putut_kang,,0,2,55,0,1,1,1,0,0.0003
radenkiansayang,,1,0,55,0.000747,0,0,0,0,0.000428
rini_handayany1,,0,1,0,0,1,1,1,0,0.0003
agungindonesia,,0,1,0,0,1,1,1,0,0.0003
ink_lu13er,,0,4,20,0,1,1,1,0,0.0003
aby64378069,,1,7,21,0.000747,2,0.769231,0.85,9,0.000364
listyosigitp,,1,0,21,0.000803,0,0,0,0,0.000345
bangpanda1,,1,0,21,0.000803,0,0,0,0,0.000345
r0ynoel,,0,2,17,0,1,1,1,0,0.0003
ferdymad,,0,3,15,0,1,1,1,0,0.0003
water4life_id,,1,0,15,0.000747,0,0,0,0,0.000385
pamjaya_id,,1,0,15,0.000747,0,0,0,0,0.000385
vkemiling,,0,1,0,0,1,1,1,0,0.0003
isilham1,,0,2,1,0,1,1,1,0,0.0003
eka_manru,,0,1,4,0,1,1,1,0,0.0003
cokro_ks,,0,2,17,0,1,1,1,0,0.0003
ardhidwirari,,0,3,4,0,1,1,1,0,0.0003
thio_harismon,,0,1,0,0,1,1,1,0,0.0003
insantazaka,,0,1,0,0,1,1,1,0,0.0003
adnanda27698160,,0,2,1,0,1,1,1,0,0.0003
brekele__1,,0,2,0,0,1,1,1,0,0.0003
irfan61500497,,2,6,0,0.001555,1,1,1,7,0.00049
alfiandoglanet,,1,3,0,0.000862,2,0.666667,0.75,0,0.00037
robbyframe,,0,3,4,0,1,1,1,0,0.0003
sonyareksby,,4,10,0,0.004176,3,0.607143,0.754902,91,0.001054
andre_aceh,,4,3,0,0.004176,3,0.485714,0.54902,0,0.000891
jumadiakhi12,,1,4,0,0.0015,3,0.5,0.578431,0,0.00058
hariantomarzuki,,0,4,20,0,2,0.666667,0.75,0,0.0003
najibgisymar,,0,3,0,0,1,1,1,0,0.0003
jakageledek01,,0,2,1,0,1,1,1,0,0.0003
khoir_lfc,,0,6,6,0,1,1,1,0,0.0003
ugantiang,,1,0,6,0.000747,0,0,0,0,0.000343
impossible038,,0,4,0,0,1,1,1,0,0.0003
nira_aria,,0,3,11,0,1,1,1,0,0.0003
romanisti_as,,0,3,11,0,1,1,1,0,0.0003
purapuraninja14,,0,3,4,0,1,1,1,0,0.0003
chepoy_asep,,0,3,4,0,1,1,1,0,0.0003
rayiraka70,,0,2,20,0,1,1,1,0,0.0003
wawanpapaiko,,0,2,17,0,1,1,1,0,0.0003
rini63564653,,0,3,4,0,1,1,1,0,0.0003
va_imenahg,,0,3,4,0,1,1,1,0,0.0003
tulalitwidos,,0,2,17,0,1,1,1,0,0.0003
sangpejuank,,0,9,0,0,1,1,1,0,0.0003
annozaen,,1,0,0,0.000747,0,0,0,0,0.000329
p81angga,,1,0,0,0.000747,0,0,0,0,0.000329
erwinsh30857524,,1,0,0,0.000747,0,0,0,0,0.000329
ariyant11462617,,0,1,0,0,1,1,1,0,0.0003
tpalimo,,0,3,4,0,1,1,1,0,0.0003
joni14131877,,0,3,11,0,1,1,1,0,0.0003
dwidepi,,0,1,0,0,1,1,1,0,0.0003
black13side,,0,3,4,0,1,1,1,0,0.0003
ach_faizal,,1,3,4,0.000747,1,1,1,0,0.000364
ridwan1924,,0,4,4,0,1,1,1,0,0.0003
endankdoank7,,0,3,4,0,1,1,1,0,0.0003
mohammadhamdi12,,1,0,4,0.000747,0,0,0,0,0.000385
olaadonara,,1,3,10,0.000806,1,1,1,0,0.000419
fariji_lacak,,1,3,10,0.000806,1,1,1,0,0.000419
arfanadib3,,0,3,4,0,1,1,1,0,0.0003
rengganisrofiah,,0,1,0,0,1,1,1,0,0.0003
priadisuper,,0,2,1,0,1,1,1,0,0.0003
berbulakajo,,0,1,15,0,1,1,1,0,0.0003
juragancakwe,,0,1,0,0,1,1,1,0,0.0003
azamjavas,,0,1,0,0,1,1,1,0,0.0003
magalewagnol,,0,2,24,0,1,1,1,0,0.0003
masmaeng,,0,2,1,0,1,1,1,0,0.0003
fahmi_ersadha,,0,1,0,0,1,1,1,0,0.0003
iyat_jabbari,,0,3,0,0,1,1,1,0,0.0003
htrubuzz,,0,3,4,0,1,1,1,0,0.0003
mdin_anfield,,0,2,20,0,2,0.6,0.666667,0,0.0003
ktn_srg22,,0,4,20,0,2,0.666667,0.75,0,0.0003
satriyafp,,0,3,0,0,2,0.636364,0.714286,0,0.0003
def1only,,0,3,20,0,1,1,1,0,0.0003
ddd33678334,,0,4,0,0,2,0.666667,0.75,0,0.0003
kunkuntarkun,,0,2,1,0,1,1,1,0,0.0003
mzis6591,,0,3,11,0,1,1,1,0,0.0003
ridngemil,,0,1,0,0,1,1,1,0,0.0003
venomanga,,1,2,0,0.000806,1,1,1,0,0.000523
edi_gintings,,1,2,0,0.000806,1,1,1,0,0.000523
boss40199095,,0,8,10,0,1,1,1,0,0.0003
budimandjatmiko,,1,0,10,0.000747,0,0,0,0,0.000332
ichanksrg2,,0,2,0,0,1,1,1,0,0.0003
zarazettirazr,,0,2,56,0,1,1,1,0,0.0003
dnayza1212,,1,0,56,0.000747,0,0,0,0,0.000428
rizani221112,,0,3,4,0,1,1,1,0,0.0003
ujang_yahya,,0,3,4,0,1,1,1,0,0.0003
singgih_permdi,,1,6,20,0.001007,2,0.714286,0.8,0,0.000394
didik_bung,,2,4,0,0.001611,4,0.431818,0.526316,0,0.000385
kimberley_2022,,0,5,0,0,4,0.444444,0.55,0,0.0003
adrianpili1409,,0,1,4,0,1,1,1,0,0.0003
klappykoe,,0,1,1,0,1,1,1,0,0.0003
ivan23683770,,0,2,0,0,1,1,1,0,0.0003
dadungkawuk,,1,2,20,0.000747,2,0.6,0.666667,0,0.000385
soniuwong,,0,3,20,0,2,0.636364,0.714286,0,0.0003
iyo63579667,,0,2,57,0,1,1,1,0,0.0003
sjahtie,,1,0,57,0.000747,0,0,0,0,0.000428
sahabat95338135,,0,2,1,0,1,1,1,0,0.0003
mulyaditubagus,,0,3,4,0,1,1,1,0,0.0003
alwisetiawanid,,1,2,0,0.000806,1,1,1,0,0.000523
faatihadiy,,1,2,0,0.000806,1,1,1,0,0.000523
bhakti_satriya,,0,1,13,0,1,1,1,0,0.0003
1hsan,,0,2,0,0,1,1,1,0,0.0003
elisa_jkt,,1,0,0,0.000747,0,0,0,0,0.000428
trisiyowong,,0,4,15,0,3,0.555556,0.622222,0,0.0003
dewi_unik,,2,0,17,0.001669,0,0,0,0,0.000364
ikaaf8,,2,10,17,0.001555,2,0.8125,0.884615,13,0.000414
panjianom102,,2,1,17,0.001669,1,1,1,3,0.000364
davidwijaya82,,2,0,17,0.001669,0,0,0,0,0.000364
kangdickyajah,,2,0,17,0.001669,0,0,0,0,0.000364
kawanlangitku,,2,0,17,0.001669,0,0,0,0,0.000364
rangga_jeneiro,,0,2,1,0,1,1,1,0,0.0003
yugo79pati,,0,4,0,0,4,0.418605,0.513889,0,0.0003
dedy44169434,,0,3,0,0,1,1,1,0,0.0003
broantony206,,0,6,21,0,1,1,1,0,0.0003
psi_id,,1,0,21,0.000747,0,0,0,0,0.000343
lhayesno,,1,0,21,0.000747,0,0,0,0,0.000343
tti_nur,,0,1,0,0,1,1,1,0,0.0003
alfito70427950,,0,2,1,0,1,1,1,0,0.0003
yosril12,,0,2,1,0,1,1,1,0,0.0003
arisury81886684,,0,2,1,0,1,1,1,0,0.0003
akabelen444,,0,2,1,0,1,1,1,0,0.0003
rus133322,,0,1,4,0,1,1,1,0,0.0003
fadhillahhans,,0,3,4,0,1,1,1,0,0.0003
ccecurut,,0,2,11,0,1,1,1,0,0.0003
isharjono1,,0,2,1,0,1,1,1,0,0.0003
moekartho,,0,4,17,0,1,1,1,0,0.0003
alba89msmugi,,1,9,10,0.000806,4,0.636364,0.791667,5,0.000357
heryidris5,,1,0,10,0.000806,0,0,0,0,0.000334
heripurwanto26,,0,3,10,0,2,0.8,0.875,0,0.0003
market5tudio,,0,1,0,0,1,1,1,0,0.0003
naff___12,,0,2,0,0,1,1,1,0,0.0003
artbenjezz,,0,6,0,0,1,1,1,0,0.0003
eddy4517543729,,0,2,24,0,1,1,1,0,0.0003
satriya1158,,0,1,4,0,1,1,1,0,0.0003
1selalusetia,,0,1,4,0,1,1,1,0,0.0003
awyesaya,,1,5,13,0.000806,3,0.5,0.619048,0,0.000351
hendrikk168,,1,6,13,0.000806,3,0.518519,0.654762,1,0.00036
budihidayat20,,0,4,4,0,1,1,1,0,0.0003
nauralathi,,0,2,17,0,1,1,1,0,0.0003
jmakalni,,0,8,58,0,1,1,1,0,0.0003
partaiummatsby,,1,0,58,0.000747,0,0,0,0,0.000332
bambange,,1,0,58,0.000747,0,0,0,0,0.000332
officialjld,,1,0,58,0.000747,0,0,0,0,0.000332
zulay_henao,,1,0,58,0.000747,0,0,0,0,0.000332
zul_hasan,,1,0,58,0.000747,0,0,0,0,0.000332
jokoweeb,,1,0,58,0.000747,0,0,0,0,0.000332
p_eneste,,0,9,13,0,1,1,1,0,0.0003
viddal_b,,1,0,13,0.000747,0,0,0,0,0.000329
untung51440057,,2,2,0,0.001495,1,1,1,0,0.000414
indonesiabara,,0,2,17,0,1,1,1,0,0.0003
prlyant0,,0,1,0,0,1,1,1,0,0.0003
pramudiya165,,0,2,1,0,1,1,1,0,0.0003
buddy17976028,,0,5,2,0,2,0.727273,0.8125,0,0.0003
presiden_suhail,,0,3,59,0,2,0.8,0.875,0,0.0003
herohero_82,,0,3,11,0,1,1,1,0,0.0003
pemberang1,,2,1,0,0.001665,1,1,1,0,0.000462
riswilfia333,,0,2,0,0,1,1,1,0,0.0003
shalihi29850096,,0,1,20,0,2,0.545455,0.583333,0,0.0003
daeng_leomks,,0,1,0,0,1,1,1,0,0.0003
tommyshaka,,0,2,35,0,1,1,1,0,0.0003
andrewyoga10,,0,3,0,0,2,0.8,0.875,0,0.0003
hr1370,,0,2,0,0,1,1,1,0,0.0003
wendrar2,,0,1,0,0,1,1,1,0,0.0003
deis_iswadi,,0,3,0,0,1,1,1,0,0.0003
arimurtopo9ari,,0,2,20,0,1,1,1,0,0.0003
patto1028,,1,2,17,0.000747,1,1,1,0,0.000385
kalmerkitty,,0,3,17,0,1,1,1,0,0.0003
sarul46281635,,0,4,20,0,1,1,1,0,0.0003
rmol_id,,1,0,20,0.000747,0,0,0,0,0.000364
abungresik,,0,1,0,0,1,1,1,0,0.0003
teguhjateng,,0,1,21,0,1,1,1,0,0.0003
setyaki22965702,,2,2,2,0.001719,1,1,1,0,0.000492
achsanulqosasi,,2,0,20,0.002144,0,0,0,0,0.000675
astutycici,,0,3,20,0,3,0.52381,0.606061,0,0.0003
bemui_official,,1,0,0,0.001014,0,0,0,0,0.00039
hnurwahid,,1,0,0,0.001014,0,0,0,0,0.00039
hasbyyusuf9,,0,5,20,0,1,1,1,0,0.0003
krufiadi,,0,2,0,0,1,1,1,0,0.0003
dhonykurniawan9,,0,1,0,0,1,1,1,0,0.0003
cerdas007cermat,,1,3,0,0.000747,1,1,1,1,0.000385
iriell799,,0,3,0,0,2,0.8,0.875,0,0.0003
ambiusa,,0,2,0,0,1,1,1,0,0.0003
n_i_u_584,,0,5,15,0,1,1,1,0,0.0003
disdik_dki,,1,0,15,0.000747,0,0,0,0,0.000351
yush_abubakar,,1,0,15,0.000747,0,0,0,0,0.000351
tuantakbernada,,1,0,15,0.000747,0,0,0,0,0.000351
fagtng,,1,1,0,0.000747,1,1,1,0,0.000428
rekjans,,0,2,0,0,1,1,1,0,0.0003
depukasu,,0,2,1,0,1,1,1,0,0.0003
andizsss,,0,3,20,0,1,1,1,0,0.0003
fbe3673c25c342d,,0,3,4,0,1,1,1,0,0.0003
gilanga04097662,,0,2,1,0,1,1,1,0,0.0003
efunkthebetroe1,,0,4,4,0,3,0.52,0.615385,0,0.0003
aslilucubanget,,0,3,17,0,3,0.5,0.571429,0,0.0003
ngilmukantilaku,,0,2,0,0,1,1,1,0,0.0003
rokigareng,,0,3,0,0,1,1,1,0,0.0003
ceha_anwar,,0,1,4,0,1,1,1,0,0.0003
bberizik,,0,2,10,0,1,1,1,0,0.0003
emmyrostyaty3,,0,2,0,0,1,1,1,0,0.0003
samberjiwo1,,0,2,17,0,1,1,1,0,0.0003
yana_udiyatna,,0,1,17,0,2,0.666667,0.75,0,0.0003
prasieoet,,0,3,6,0,1,1,1,0,0.0003
darwoto1212,,1,0,6,0.000747,0,0,0,0,0.000385
uray_24,,0,4,15,0,2,0.666667,0.75,0,0.0003
mustafenerba,,0,3,11,0,1,1,1,0,0.0003
li2q2,,0,1,0,0,1,1,1,0,0.0003
nabilaar__,,0,2,17,0,1,1,1,0,0.0003
ek_sunartoclp,,0,2,20,0,1,1,1,0,0.0003
rizal98424059,,0,1,13,0,1,1,1,0,0.0003
aghendarto,,0,3,4,0,1,1,1,0,0.0003
anaksin09467881,,0,2,0,0,1,1,1,0,0.0003
arreneuz_s,,0,1,20,0,1,1,1,0,0.0003
osoekaryo,,0,2,0,0,1,1,1,0,0.0003
jebenk63285910,,0,1,0,0,1,1,1,0,0.0003
jail_gicu,,0,3,0,0,1,1,1,0,0.0003
linnana001,,0,1,17,0,2,0.666667,0.75,0,0.0003
indonesiaguyub,,0,3,0,0,1,1,1,0,0.0003
_19handes,,0,2,0,0,1,1,1,0,0.0003
halakhita007,,0,3,2,0,1,1,1,0,0.0003
lukmanharijant1,,2,2,0,0.001551,1,1,1,0,0.000467
sigmahalim,,1,3,0,0.000747,1,1,1,0,0.000364
a4our_,,0,4,0,0,1,1,1,0,0.0003
puturadion,,0,4,0,0,1,1,1,0,0.0003
baletunu,,0,4,18,0,1,1,1,0,0.0003
sinyosubandi,,0,2,6,0,1,1,1,0,0.0003
ayu__mantari,,1,3,0,0.000747,5,0.361111,0.44359,0,0.000364
solehmohamad996,,0,4,0,0,5,0.369863,0.464198,0,0.0003
umarsandi5,,0,2,0,0,1,1,1,0,0.0003
nugroho63705724,,0,1,0,0,1,1,1,0,0.0003
